event_type,setting_id,varied_parameter,parameter_value,is_default_setting,seed,num_samples,p0,proposal_std,context_refresh_prob,mh_retries_per_sample,max_levels,run_dir,execution_status,quality_status,failure_reason,runtime_seconds,summary_path,effective_config_sha256,updated_utc,probability,binomial_rse,binomial_ci95_lower,binomial_ci95_upper,num_levels,closed_loop_evaluations,proposal_evaluations,mean_transition_acceptance_rate,reliability_status_observed,final_unique_contexts,final_unique_states,final_largest_context_share,final_largest_state_share,failure_threshold,stop_reason
following,default,default,,true,101,3000,0.2,0.12,0.7,6,8,../following_default_repeats\seed_101,completed,pass,,617.297000,../following_default_repeats\seed_101\latent_subset_summary.json,c0fd92cd53c1e492e963fcc5354b982c76934852ed732ce8ba09568e93b6fe4c,2026-08-02T14:15:16.922149+00:00,0.0019840000000000005,0.03179233694103098,0.0018603710468776298,0.0021076289531223712,4,29185,26185,0.5917777777777777,pass,186.0,1982.0,0.03133333333333333,0.0033333333333333335,6.20371489252444,subset_threshold_reached_failure_threshold
following,default,default,,true,202,3000,0.2,0.12,0.7,6,8,../following_default_repeats\seed_202,completed,pass,,590.750000,../following_default_repeats\seed_202\latent_subset_summary.json,338d8bb779a861adbff12e6c61b542fc07df867ea4f247d097a3844a38f89f55,2026-08-02T14:25:07.675251+00:00,0.0033493333333333344,0.021513833006131456,0.0032081016172235367,0.003490565049443132,4,29127,26127,0.5927777777777777,pass,151.0,1992.0,0.035666666666666666,0.003,6.20371489252444,subset_threshold_reached_failure_threshold
following,default,default,,true,303,3000,0.2,0.12,0.7,6,8,../following_default_repeats\seed_303,completed,pass,,603.000000,../following_default_repeats\seed_303\latent_subset_summary.json,9c8740e847c4aa3dbbb3b87a76ee15adb7510376b4aca092bb9471ebc63629ad,2026-08-02T14:35:10.679557+00:00,0.002594666666666667,0.02635177215776474,0.002460653499608987,0.002728679833724347,4,29492,26492,0.5850000000000001,pass,172.0,1966.0,0.032,0.004666666666666667,6.20371489252444,subset_threshold_reached_failure_threshold
following,default,default,,true,404,3000,0.2,0.12,0.7,6,8,../following_default_repeats\seed_404,completed,pass,,604.875000,../following_default_repeats\seed_404\latent_subset_summary.json,35986b3844916b48558a192edb259b329ad036e739fd79f9284eb9c51c17e271,2026-08-02T14:45:15.560942+00:00,0.0023786666666666674,0.028066757914845156,0.002247814202139515,0.0025095191311938197,4,29688,26688,0.5816666666666667,pass,168.0,1971.0,0.032,0.0036666666666666666,6.20371489252444,subset_threshold_reached_failure_threshold
following,default,default,,true,505,3000,0.2,0.12,0.7,6,8,../following_default_repeats\seed_505,completed,pass,,596.500000,../following_default_repeats\seed_505\latent_subset_summary.json,35e7b64cd402d4403840bf51e7362c0e8ea2bee38319155f1e051949a38e7678,2026-08-02T14:55:12.086890+00:00,0.0021600000000000005,0.030020569080236217,0.0020329049187419123,0.0022870950812580886,4,29277,26277,0.5875555555555555,pass,179.0,1965.0,0.035333333333333335,0.0036666666666666666,6.20371489252444,subset_threshold_reached_failure_threshold
following,num_samples_1000,num_samples,1000,false,101,1000,0.2,0.12,0.7,6,8,runs\following\num_samples_1000\seed_101,completed,fail,unique_contexts 61 < 100,210.938000,runs\following\num_samples_1000\seed_101\latent_subset_summary.json,d0e7916ce8df26e252fba678fd106bf83c6023916dca8cead8d02bed3731cc5e,2026-08-02T14:08:30.616484+00:00,0.0028880000000000004,0.04207235556149757,0.0026498502727912545,0.0031261497272087463,4,9678,8678,0.594,fail,61.0,677.0,0.09,0.008,6.20371489252444,subset_threshold_reached_failure_threshold
following,num_samples_1000,num_samples,1000,false,202,1000,0.2,0.12,0.7,6,8,runs\following\num_samples_1000\seed_202,completed,fail,unique_contexts 45 < 100,208.078000,runs\following\num_samples_1000\seed_202\latent_subset_summary.json,8d40132b4f10b0c1c19bbb91eeee4cb967e279a8bc9c7747b5b176ae632ff4c9,2026-08-02T14:11:58.697324+00:00,0.0030400000000000006,0.040392808114420836,0.0027993234921310354,0.003280676507868966,4,9756,8756,0.5876666666666667,fail,45.0,664.0,0.079,0.009,6.20371489252444,subset_threshold_reached_failure_threshold
following,num_samples_1000,num_samples,1000,false,303,1000,0.2,0.12,0.7,6,8,runs\following\num_samples_1000\seed_303,skipped_after_two_quality_failures,fail,Two consecutive earlier seeds had execution or reliability failures.,,,,2026-08-02T14:11:58.699309+00:00,nan,nan,nan,nan,nan,nan,nan,nan,missing,nan,nan,nan,nan,nan,
following,num_samples_5000,num_samples,5000,false,101,5000,0.2,0.12,0.7,6,8,runs\following\num_samples_5000\seed_101,completed,pass,,1014.110000,runs\following\num_samples_5000\seed_101\latent_subset_summary.json,6c73de5c1c53fd0efe6190977778a273740d161875945f3d8b1721cd65a98709,2026-08-02T14:21:53.843563+00:00,0.0027712000000000006,0.019425941561291828,0.002665686988260883,0.0028767130117391183,4,48798,43798,0.5880666666666666,pass,275.0,3295.0,0.0238,0.0022,6.20371489252444,subset_threshold_reached_failure_threshold
following,num_samples_5000,num_samples,5000,false,202,5000,0.2,0.12,0.7,6,8,runs\following\num_samples_5000\seed_202,completed,pass,,986.765000,runs\following\num_samples_5000\seed_202\latent_subset_summary.json,bfb9fec5ee8ef3dc147db1e10012fbf26484fcfbf44bb0f3330e99792f17b2d7,2026-08-02T14:38:20.627644+00:00,0.0023088000000000006,0.022203618916759787,0.002208323117904171,0.00240927688209583,4,48645,43645,0.5913333333333334,pass,302.0,3295.0,0.023,0.003,6.20371489252444,subset_threshold_reached_failure_threshold
following,num_samples_5000,num_samples,5000,false,303,5000,0.2,0.12,0.7,6,8,runs\following\num_samples_5000\seed_303,completed,pass,,1001.172000,runs\following\num_samples_5000\seed_303\latent_subset_summary.json,8650e227a76c488848438adae007668768b3484c60ed13ca025fbf6b62b29ad7,2026-08-02T14:55:01.841618+00:00,0.0018336000000000003,0.025934539692081288,0.0017403949989203758,0.0019268050010796249,4,48890,43890,0.5807333333333333,pass,277.0,3236.0,0.0234,0.002,6.20371489252444,subset_threshold_reached_failure_threshold
following,p0_0p1,p0,0.1,false,101,3000,0.1,0.12,0.7,6,8,runs\following\p0_0p1\seed_101,completed,pass,,484.656000,runs\following\p0_0p1\seed_101\latent_subset_summary.json,4ae44e528d45efde88efacaac57d10b56974bf040178d5b82251d9836e69be0e,2026-08-02T14:13:04.389317+00:00,0.0015900000000000003,0.04198931680043004,0.00145914449312314,0.0017208555068768604,3,23619,20619,0.6345,pass,198.0,1972.0,0.03,0.0033333333333333335,6.20371489252444,subset_threshold_reached_failure_threshold
following,p0_0p1,p0,0.1,false,202,3000,0.1,0.12,0.7,6,8,runs\following\p0_0p1\seed_202,completed,pass,,460.719000,runs\following\p0_0p1\seed_202\latent_subset_summary.json,c5dab95fec1d47738e216bb43ed4e94fa75727f3da0fd144301b465c34efef80,2026-08-02T14:20:45.107738+00:00,0.003810000000000001,0.023271383829433796,0.003636218614115321,0.003983781385884681,3,23612,20612,0.6373333333333333,pass,143.0,1946.0,0.031,0.0036666666666666666,6.20371489252444,subset_threshold_reached_failure_threshold
following,p0_0p1,p0,0.1,false,303,3000,0.1,0.12,0.7,6,8,runs\following\p0_0p1\seed_303,completed,pass,,465.813000,runs\following\p0_0p1\seed_303\latent_subset_summary.json,138ec3829876c10ae0a2f67585465653687761ab5cfcec142c90900bd72aa292,2026-08-02T14:28:30.934526+00:00,0.0024933333333333335,0.03167909503739953,0.002338519707825231,0.002648146958841436,3,23446,20446,0.6443333333333333,pass,189.0,2021.0,0.028,0.003,6.20371489252444,subset_threshold_reached_failure_threshold
following,p0_0p3,p0,0.3,false,101,3000,0.3,0.12,0.7,6,8,runs\following\p0_0p3\seed_101,completed,pass,,684.266000,runs\following\p0_0p3\seed_101\latent_subset_summary.json,b75f4e3b9ecf6a4c3f8c7ad55a3f66d641a00172af4751e1fba29f3be9f47874,2026-08-02T14:23:22.973392+00:00,0.0038339999999999997,0.019258557027444778,0.003689278877019282,0.003978721122980717,5,33000,30000,0.5229166666666667,pass,155.0,1974.0,0.043,0.004333333333333333,6.20371489252444,subset_threshold_reached_failure_threshold
following,p0_0p3,p0,0.3,false,202,3000,0.3,0.12,0.7,6,8,runs\following\p0_0p3\seed_202,completed,pass,,699.875000,runs\following\p0_0p3\seed_202\latent_subset_summary.json,b6def140232274355cff0fef102c9084d33ef28b011a5ece001e416ab0d94518,2026-08-02T14:35:02.857429+00:00,0.0040662,0.018184534386028513,0.003921273770707881,0.004211126229292119,5,33039,30039,0.5215833333333333,pass,137.0,1964.0,0.052,0.004,6.20371489252444,subset_threshold_reached_failure_threshold
following,p0_0p3,p0,0.3,false,303,3000,0.3,0.12,0.7,6,8,runs\following\p0_0p3\seed_303,completed,pass,,688.344000,runs\following\p0_0p3\seed_303\latent_subset_summary.json,8a2dc54ee177441f119efe1db65615533f08e3349fa5fe278d795054c329cd1f,2026-08-02T14:46:31.223326+00:00,0.0040904999999999995,0.018075748207676684,0.003945579857834737,0.004235420142165262,5,33117,30117,0.5208333333333333,pass,122.0,1959.0,0.058,0.0033333333333333335,6.20371489252444,subset_threshold_reached_failure_threshold
following,proposal_std_0p06,proposal_std,0.06,false,101,3000,0.2,0.06,0.7,6,8,runs\following\proposal_std_0p06\seed_101,completed,pass,,543.250000,runs\following\proposal_std_0p06\seed_101\latent_subset_summary.json,b51a083570f9da92186a5fbb370171393aed8c04425687dfd955f62aa244e214,2026-08-02T14:37:34.202752+00:00,0.0020506666666666672,0.031097536617902346,0.0019256761304214216,0.002175657202911913,4,25178,22178,0.6784444444444445,pass,161.0,2418.0,0.03233333333333333,0.0016666666666666668,6.20371489252444,subset_threshold_reached_failure_threshold
following,proposal_std_0p06,proposal_std,0.06,false,202,3000,0.2,0.06,0.7,6,8,runs\following\proposal_std_0p06\seed_202,completed,pass,,554.687000,runs\following\proposal_std_0p06\seed_202\latent_subset_summary.json,a882d39ba013e6f392d66520e3aef4f0396058873e81b13601d95eb3827af3c6,2026-08-02T14:46:48.900964+00:00,0.0036720000000000012,0.019821278444075923,0.0035293438804845736,0.003814656119515429,4,25341,22341,0.6807777777777777,pass,132.0,2398.0,0.035,0.003,6.20371489252444,subset_threshold_reached_failure_threshold
following,proposal_std_0p06,proposal_std,0.06,false,303,3000,0.2,0.06,0.7,6,8,runs\following\proposal_std_0p06\seed_303,completed,pass,,554.860000,runs\following\proposal_std_0p06\seed_303\latent_subset_summary.json,1c15ebf751048a2cb5a81072b4ba81c23b822ee250979d1de6e92f87384adf39,2026-08-02T14:56:03.801471+00:00,0.002722666666666667,0.02541846958704571,0.0025870228677365007,0.0028583104655968334,4,25387,22387,0.6796666666666668,pass,145.0,2395.0,0.034333333333333334,0.0026666666666666666,6.20371489252444,subset_threshold_reached_failure_threshold
following,proposal_std_0p24,proposal_std,0.24,false,101,3000,0.2,0.24,0.7,6,8,runs\following\proposal_std_0p24\seed_101,completed,fail,unique_states 1036 < 1500,683.906000,runs\following\proposal_std_0p24\seed_101\latent_subset_summary.json,478c89dc536e4f72ca17a506ea2ce9363b05373603bc6c4fb8bac71e875a8bcc,2026-08-02T14:57:55.183299+00:00,0.0019920000000000003,0.031707329631217834,0.0018682044387742438,0.0021157955612257566,4,35988,32988,0.38666666666666666,fail,209.0,1036.0,0.025,0.007333333333333333,6.20371489252444,subset_threshold_reached_failure_threshold
following,proposal_std_0p24,proposal_std,0.24,false,202,3000,0.2,0.24,0.7,6,8,runs\following\proposal_std_0p24\seed_202,completed,fail,unique_states 1038 < 1500,672.578000,runs\following\proposal_std_0p24\seed_202\latent_subset_summary.json,ca2d448855e74069107a87a0c4b1413331a13383c18d60bf0428a5d9d73a4adc,2026-08-02T15:09:07.794936+00:00,0.0031866666666666675,0.022438510430700942,0.0030465187223179,0.003326814611015435,4,35938,32938,0.39111111111111113,fail,197.0,1038.0,0.029666666666666668,0.011333333333333334,6.20371489252444,subset_threshold_reached_failure_threshold
following,proposal_std_0p24,proposal_std,0.24,false,303,3000,0.2,0.24,0.7,6,8,runs\following\proposal_std_0p24\seed_303,skipped_after_two_quality_failures,fail,Two consecutive earlier seeds had execution or reliability failures.,,,,2026-08-02T15:09:07.797935+00:00,nan,nan,nan,nan,nan,nan,nan,nan,missing,nan,nan,nan,nan,nan,
following,context_refresh_prob_0p3,context_refresh_prob,0.3,false,101,3000,0.2,0.12,0.3,6,8,runs\following\context_refresh_prob_0p3\seed_101,completed,fail,unique_contexts 83 < 100,505.297000,runs\following\context_refresh_prob_0p3\seed_101\latent_subset_summary.json,9070d30deaef4304e5117af6beded14d598bcd516768c3b09bf9eb967fabba87,2026-08-02T15:03:27.162638+00:00,0.002458666666666667,0.02740922044035964,0.0023265819988208467,0.0025907513345124877,4,20825,17825,0.754,fail,83.0,2798.0,0.041666666666666664,0.0013333333333333333,6.20371489252444,subset_threshold_reached_failure_threshold
following,context_refresh_prob_0p3,context_refresh_prob,0.3,false,202,3000,0.2,0.12,0.3,6,8,runs\following\context_refresh_prob_0p3\seed_202,completed,fail,unique_contexts 63 < 100,492.140000,runs\following\context_refresh_prob_0p3\seed_202\latent_subset_summary.json,4cbec85c997661310b87c23e6e9e46b573267280c329ba6240d474d32a53b818,2026-08-02T15:11:39.337052+00:00,0.003493333333333334,0.020737054884737635,0.003351348101007861,0.003635318565658807,4,21027,18027,0.7516666666666666,fail,63.0,2772.0,0.041666666666666664,0.0016666666666666668,6.20371489252444,subset_threshold_reached_failure_threshold
following,context_refresh_prob_0p3,context_refresh_prob,0.3,false,303,3000,0.2,0.12,0.3,6,8,runs\following\context_refresh_prob_0p3\seed_303,skipped_after_two_quality_failures,fail,Two consecutive earlier seeds had execution or reliability failures.,,,,2026-08-02T15:11:39.340606+00:00,nan,nan,nan,nan,nan,nan,nan,nan,missing,nan,nan,nan,nan,nan,
following,context_refresh_prob_0p5,context_refresh_prob,0.5,false,101,3000,0.2,0.12,0.5,6,8,runs\following\context_refresh_prob_0p5\seed_101,completed,pass,,549.531000,runs\following\context_refresh_prob_0p5\seed_101\latent_subset_summary.json,cf3b783180e991b8972bdfe7a20fdd17b111228508000d237e8a297c47d07774,2026-08-02T15:04:21.664535+00:00,0.0021600000000000005,0.030020569080236217,0.0020329049187419123,0.0022870950812580886,4,24339,21339,0.6957777777777778,pass,119.0,2515.0,0.037,0.002,6.20371489252444,subset_threshold_reached_failure_threshold
following,context_refresh_prob_0p5,context_refresh_prob,0.5,false,202,3000,0.2,0.12,0.5,6,8,runs\following\context_refresh_prob_0p5\seed_202,completed,fail,unique_contexts 96 < 100,529.921000,runs\following\context_refresh_prob_0p5\seed_202\latent_subset_summary.json,34e5199923a8793582dac3d55e935d17ee5ed56c7a9b5bbbf0762697524feb77,2026-08-02T15:13:11.628612+00:00,0.003285333333333334,0.021871327768450147,0.0031444983130959154,0.003426168353570753,4,24558,21558,0.694,fail,96.0,2518.0,0.041,0.002,6.20371489252444,subset_threshold_reached_failure_threshold
following,context_refresh_prob_0p5,context_refresh_prob,0.5,false,303,3000,0.2,0.12,0.5,6,8,runs\following\context_refresh_prob_0p5\seed_303,completed,fail,unique_contexts 97 < 100,555.625000,runs\following\context_refresh_prob_0p5\seed_303\latent_subset_summary.json,5b8be80bfbb4c01d3002b16db1734f9d63846d3498e989dbd3ef79e2e892b691,2026-08-02T15:22:27.290408+00:00,0.0027680000000000005,0.025100952242259816,0.002631820305819113,0.002904179694180888,4,25065,22065,0.6943333333333334,fail,97.0,2524.0,0.041666666666666664,0.0016666666666666668,6.20371489252444,subset_threshold_reached_failure_threshold
following,context_refresh_prob_0p9,context_refresh_prob,0.9,false,101,3000,0.2,0.12,0.9,6,8,runs\following\context_refresh_prob_0p9\seed_101,completed,fail,unique_states 1045 < 1500,667.329000,runs\following\context_refresh_prob_0p9\seed_101\latent_subset_summary.json,22986cb76fdc03179ce4e9bef8405f333e6d7a1847bbc8bdfbfb12cc8fb8b0c2,2026-08-02T15:07:11.187516+00:00,0.0024346666666666674,0.0276035671351263,0.002302943916488092,0.002566389416845243,4,35057,32057,0.41077777777777774,fail,283.0,1045.0,0.025333333333333333,0.006,6.20371489252444,subset_threshold_reached_failure_threshold
following,context_refresh_prob_0p9,context_refresh_prob,0.9,false,202,3000,0.2,0.12,0.9,6,8,runs\following\context_refresh_prob_0p9\seed_202,completed,fail,unique_states 1011 < 1500,661.156000,runs\following\context_refresh_prob_0p9\seed_202\latent_subset_summary.json,e31a6337831e2135785dd662fc088244ae9702b7591bc3e5aa7721e12745f39e,2026-08-02T15:18:12.387459+00:00,0.002765333333333334,0.025119451048099983,0.0026291845689485763,0.002901482097718092,4,35005,32005,0.409,fail,233.0,1011.0,0.03,0.011666666666666667,6.20371489252444,subset_threshold_reached_failure_threshold
following,context_refresh_prob_0p9,context_refresh_prob,0.9,false,303,3000,0.2,0.12,0.9,6,8,runs\following\context_refresh_prob_0p9\seed_303,skipped_after_two_quality_failures,fail,Two consecutive earlier seeds had execution or reliability failures.,,,,2026-08-02T15:18:12.389467+00:00,nan,nan,nan,nan,nan,nan,nan,nan,missing,nan,nan,nan,nan,nan,
cutin,default,default,,true,101,1000,0.1,0.1,0.5,4,8,runs\cutin\default\seed_101,completed,pass,,56.375000,runs\cutin\default\seed_101\latent_subset_summary.json,f18c29c7deba14f9f8dd0fd85bc6478331d485b5f7e383756ab425c5896dc6d0,2026-08-02T15:10:04.172024+00:00,0.0074,0.11186381681988825,0.005777527200844341,0.009022472799155658,2,3307,2307,0.674,pass,233.0,774.0,0.01,0.004,5.573939479308249,adaptive_failure_count_reached
cutin,default,default,,true,202,1000,0.1,0.1,0.5,4,8,runs\cutin\default\seed_202,completed,pass,,53.719000,runs\cutin\default\seed_202\latent_subset_summary.json,bff6b65e8e3646e04bc48849b296b2784befe6cf98f05cd8b4b967f9407a8c98,2026-08-02T15:10:57.905157+00:00,0.006600000000000001,0.11896014102007087,0.005061131615764364,0.008138868384235637,2,3304,2304,0.663,pass,219.0,763.0,0.01,0.006,5.573939479308249,adaptive_failure_count_reached
cutin,default,default,,true,303,1000,0.1,0.1,0.5,4,8,runs\cutin\default\seed_303,completed,pass,,54.500000,runs\cutin\default\seed_303\latent_subset_summary.json,05ec57458fde7d7616dc7a61dcd092c126d6741474774ec0304f70b16a45935e,2026-08-02T15:11:52.416758+00:00,0.0057,0.12862293593726903,0.00426302455970883,0.00713697544029117,2,3371,2371,0.654,pass,215.0,754.0,0.01,0.005,5.573939479308249,adaptive_failure_count_reached
cutin,default,default,,true,404,1000,0.1,0.1,0.5,4,8,runs\cutin\default\seed_404,completed,pass,,56.422000,runs\cutin\default\seed_404\latent_subset_summary.json,22b46aa89a70e34bdffe0c42dbbfe63186d627d16b6f14721f9c53eb4eed26bd,2026-08-02T15:12:48.841461+00:00,0.0041,0.1529386932808013,0.002870984660795481,0.00532901533920452,2,3354,2354,0.664,pass,218.0,764.0,0.01,0.005,5.573939479308249,adaptive_failure_count_reached
cutin,default,default,,true,505,1000,0.1,0.1,0.5,4,8,runs\cutin\default\seed_505,completed,pass,,61.094000,runs\cutin\default\seed_505\latent_subset_summary.json,c00fa22660fe2388b5063a22b4022bd18dc6857f35174703876da08544b7c15e,2026-08-02T15:13:49.936493+00:00,0.005600000000000001,0.12983506020002014,0.00417493037924458,0.007025069620755422,2,3298,2298,0.677,pass,225.0,777.0,0.01,0.005,5.573939479308249,adaptive_failure_count_reached
cutin,num_samples_500,num_samples,500,false,101,500,0.1,0.1,0.5,4,8,runs\cutin\num_samples_500\seed_101,completed,pass,,30.625000,runs\cutin\num_samples_500\seed_101\latent_subset_summary.json,2ea002caf0071dca8786cd2b7214fde8367c0bef194cb18ba4c0b9288c702a66,2026-08-02T15:12:09.966177+00:00,0.011000000000000001,0.12720777563426766,0.00825740035732519,0.013742599642674812,2,1635,1135,0.704,pass,115.0,402.0,0.02,0.006,5.573939479308249,subset_threshold_reached_failure_threshold
cutin,num_samples_500,num_samples,500,false,202,500,0.1,0.1,0.5,4,8,runs\cutin\num_samples_500\seed_202,completed,pass,,30.610000,runs\cutin\num_samples_500\seed_202\latent_subset_summary.json,6819d90d71cf5f575b9e53e4611b6f0c941c104329829f0ba00e235e0db345b9,2026-08-02T15:12:40.573999+00:00,0.0054,0.18718182881101744,0.0034188675238641915,0.007381132476135809,2,1653,1153,0.684,pass,126.0,392.0,0.02,0.018,5.573939479308249,adaptive_failure_count_reached
cutin,num_samples_500,num_samples,500,false,303,500,0.1,0.1,0.5,4,8,runs\cutin\num_samples_500\seed_303,completed,pass,,30.156000,runs\cutin\num_samples_500\seed_303\latent_subset_summary.json,5022532424cab766bfb9e76a258ba40efbf6f7b25d2dbedbce24f7574f654502,2026-08-02T15:13:10.733290+00:00,0.0086,0.1457937377032648,0.006142500757273768,0.011057499242726232,2,1644,1144,0.662,pass,101.0,381.0,0.02,0.008,5.573939479308249,adaptive_failure_count_reached
cutin,num_samples_2000,num_samples,2000,false,101,2000,0.1,0.1,0.5,4,8,runs\cutin\num_samples_2000\seed_101,completed,pass,,118.625000,runs\cutin\num_samples_2000\seed_101\latent_subset_summary.json,9e1dafcec92a615f14b3a8b7bfa790cc8ad1027fee8ab9064c8db77d75ccbcd8,2026-08-02T15:15:09.371472+00:00,0.0058000000000000005,0.09011486922352166,0.004775574166667006,0.006824425833332995,2,6565,4565,0.672,pass,435.0,1544.0,0.005,0.0025,5.573939479308249,adaptive_failure_count_reached
cutin,num_samples_2000,num_samples,2000,false,202,2000,0.1,0.1,0.5,4,8,runs\cutin\num_samples_2000\seed_202,completed,pass,,108.000000,runs\cutin\num_samples_2000\seed_202\latent_subset_summary.json,3bce676b86fb773f64de993f2d971860a1a80c544e1cb298ddae3afed85989ec,2026-08-02T15:16:57.396057+00:00,0.0070999999999999995,0.08088419821650433,0.005974415497619125,0.008225584502380874,2,6707,4707,0.661,pass,446.0,1522.0,0.005,0.0025,5.573939479308249,adaptive_failure_count_reached
cutin,num_samples_2000,num_samples,2000,false,303,2000,0.1,0.1,0.5,4,8,runs\cutin\num_samples_2000\seed_303,completed,pass,,113.453000,runs\cutin\num_samples_2000\seed_303\latent_subset_summary.json,e060d8a4c1db2e32e1bfeedbf28e896abb050e0410a118321969abe7c950a805,2026-08-02T15:18:50.869482+00:00,0.007850000000000001,0.07661218409360457,0.006671244935535801,0.0090287550644642,2,6720,4720,0.6595,pass,408.0,1519.0,0.005,0.004,5.573939479308249,adaptive_failure_count_reached
cutin,p0_0p05,p0,0.05,false,101,1000,0.05,0.1,0.5,4,8,runs\cutin\p0_0p05\seed_101,completed,pass,,62.797000,runs\cutin\p0_0p05\seed_101\latent_subset_summary.json,4fa23516a5fb0f68f73cb99a8e90e0da4690ab6a1f648a08598f16ec5e221885,2026-08-02T15:14:52.737683+00:00,0.00515,0.09332061864388637,0.004208021675408611,0.006091978324591389,2,3473,2473,0.69,pass,126.0,740.0,0.02,0.008,5.573939479308249,subset_threshold_reached_failure_threshold
cutin,p0_0p05,p0,0.05,false,202,1000,0.05,0.1,0.5,4,8,runs\cutin\p0_0p05\seed_202,completed,pass,,63.750000,runs\cutin\p0_0p05\seed_202\latent_subset_summary.json,11aabae692725f176f5738f0f8168affc42d7cbcf17391c2c84e509bdc5604e2,2026-08-02T15:15:56.498879+00:00,0.00745,0.07557386714978369,0.006346470391878859,0.008553529608121141,2,3550,2550,0.664,pass,122.0,714.0,0.02,0.009,5.573939479308249,subset_threshold_reached_failure_threshold
cutin,p0_0p05,p0,0.05,false,303,1000,0.05,0.1,0.5,4,8,runs\cutin\p0_0p05\seed_303,completed,pass,,58.344000,runs\cutin\p0_0p05\seed_303\latent_subset_summary.json,6c20320a2ca4723274da692fe6d8e0fb600f8e27931da454ffb8b5cf05569e75,2026-08-02T15:16:54.853540+00:00,0.00595,0.08604278787055784,0.004946569007853554,0.006953430992146447,2,3530,2530,0.657,pass,110.0,707.0,0.02,0.005,5.573939479308249,subset_threshold_reached_failure_threshold
cutin,p0_0p2,p0,0.2,false,101,1000,0.2,0.1,0.5,4,8,runs\cutin\p0_0p2\seed_101,completed,pass,,52.563000,runs\cutin\p0_0p2\seed_101\latent_subset_summary.json,9e26cbddbea31a03297d2e8f8dbf8bbb4e62e247a4b036dc9adb0313b6bebe9e,2026-08-02T15:17:47.415712+00:00,0.0074,0.16132894045095267,0.005060085047699383,0.009739914952300617,2,2890,1890,0.658,pass,400.0,858.0,0.005,0.004,5.573939479308249,adaptive_failure_count_reached
cutin,p0_0p2,p0,0.2,false,202,1000,0.2,0.1,0.5,4,8,runs\cutin\p0_0p2\seed_202,completed,pass,,52.047000,runs\cutin\p0_0p2\seed_202\latent_subset_summary.json,a8f98c76cc4c4bd7ddcd53b58d24a9c4c5549f7d932e4e32533b6a9ac4465958,2026-08-02T15:18:39.476548+00:00,0.007000000000000001,0.16604646509766044,0.0047218424988600995,0.009278157501139903,2,2895,1895,0.659,pass,399.0,859.0,0.005,0.004,5.573939479308249,adaptive_failure_count_reached
cutin,p0_0p2,p0,0.2,false,303,1000,0.2,0.1,0.5,4,8,runs\cutin\p0_0p2\seed_303,completed,pass,,56.969000,runs\cutin\p0_0p2\seed_303\latent_subset_summary.json,16786722687459a5591f25e16e26b8e025853b42ef0e4a2be4c312b55e161623,2026-08-02T15:19:36.461956+00:00,0.0048000000000000004,0.2016597794967223,0.002902784794494837,0.006697215205505164,2,2963,1963,0.632,pass,385.0,832.0,0.005,0.004,5.573939479308249,adaptive_failure_count_reached
cutin,proposal_std_0p05,proposal_std,0.05,false,101,1000,0.1,0.05,0.5,4,8,runs\cutin\proposal_std_0p05\seed_101,completed,pass,,56.235000,runs\cutin\proposal_std_0p05\seed_101\latent_subset_summary.json,bbc132ed52d055cd308b501a8085bdfeb330a437fc41b7ddef5457b89afc4de6,2026-08-02T15:19:08.637303+00:00,0.0083,0.10511038374530055,0.006590064277231451,0.01000993572276855,2,2902,1902,0.791,pass,215.0,891.0,0.01,0.003,5.573939479308249,adaptive_failure_count_reached
cutin,proposal_std_0p05,proposal_std,0.05,false,202,1000,0.1,0.05,0.5,4,8,runs\cutin\proposal_std_0p05\seed_202,completed,pass,,55.375000,runs\cutin\proposal_std_0p05\seed_202\latent_subset_summary.json,911469a42cd0e1ed83156358bc401571ad42c8ae6f6fc3f7dbc162fb7fa56046,2026-08-02T15:20:04.019923+00:00,0.006500000000000001,0.11993588030533392,0.004972016884910046,0.008027983115089956,2,2888,1888,0.804,pass,202.0,904.0,0.01,0.003,5.573939479308249,adaptive_failure_count_reached
cutin,proposal_std_0p05,proposal_std,0.05,false,303,1000,0.1,0.05,0.5,4,8,runs\cutin\proposal_std_0p05\seed_303,completed,pass,,50.829000,runs\cutin\proposal_std_0p05\seed_303\latent_subset_summary.json,f4eaea2b67ea1d1392ff13c957ece74f4576f0ce3d7d5b3bc2ff2cbece1eac71,2026-08-02T15:20:54.856999+00:00,0.0063,0.12195497477764437,0.0047940999714456475,0.007805900028554353,2,2964,1964,0.783,pass,195.0,883.0,0.01,0.005,5.573939479308249,adaptive_failure_count_reached
cutin,proposal_std_0p2,proposal_std,0.2,false,101,1000,0.1,0.2,0.5,4,8,runs\cutin\proposal_std_0p2\seed_101,completed,pass,,64.969000,runs\cutin\proposal_std_0p2\seed_101\latent_subset_summary.json,8cbf95b01a03d6b2fe0de2172b90d8755affe9fbf66d202243d96c85ebe19cfd,2026-08-02T15:19:55.859460+00:00,0.0077,0.10948521812104585,0.006047649088117176,0.009352350911882825,2,3911,2911,0.426,pass,272.0,526.0,0.01,0.009,5.573939479308249,adaptive_failure_count_reached
cutin,proposal_std_0p2,proposal_std,0.2,false,202,1000,0.1,0.2,0.5,4,8,runs\cutin\proposal_std_0p2\seed_202,completed,fail,unique_states 477 < 500,59.563000,runs\cutin\proposal_std_0p2\seed_202\latent_subset_summary.json,b90b51fee433023140ecdd3a55afa29613715c32c79df975ed515fad5564238a,2026-08-02T15:20:55.426584+00:00,0.006700000000000001,0.11800581822235867,0.0051503475951039865,0.008249652404896016,2,3969,2969,0.377,fail,259.0,477.0,0.01,0.008,5.573939479308249,adaptive_failure_count_reached
cutin,proposal_std_0p2,proposal_std,0.2,false,303,1000,0.1,0.2,0.5,4,8,runs\cutin\proposal_std_0p2\seed_303,completed,fail,unique_states 455 < 500,62.422000,runs\cutin\proposal_std_0p2\seed_303\latent_subset_summary.json,792fcd9115e03fe96ad139877d7510783c94bd782630420b3919f3cb984aaaa9,2026-08-02T15:21:57.864338+00:00,0.0063,0.12195497477764437,0.0047940999714456475,0.007805900028554353,2,4000,3000,0.355,fail,245.0,455.0,0.01,0.01,5.573939479308249,adaptive_failure_count_reached
cutin,context_refresh_prob_0p25,context_refresh_prob,0.25,false,101,1000,0.1,0.1,0.25,4,8,runs\cutin\context_refresh_prob_0p25\seed_101,completed,pass,,53.984000,runs\cutin\context_refresh_prob_0p25\seed_101\latent_subset_summary.json,104b27f5e7bc9c011cc3dbfeaa4fa977b98f32d2d5f56e902340d2583f274fa9,2026-08-02T15:20:30.448922+00:00,0.006900000000000001,0.11615831275973497,0.005329074978237345,0.008470925021762657,2,2988,1988,0.779,pass,149.0,879.0,0.01,0.005,5.573939479308249,adaptive_failure_count_reached
cutin,context_refresh_prob_0p25,context_refresh_prob,0.25,false,202,1000,0.1,0.1,0.25,4,8,runs\cutin\context_refresh_prob_0p25\seed_202,completed,pass,,54.547000,runs\cutin\context_refresh_prob_0p25\seed_202\latent_subset_summary.json,1ce8ba0489ec6b611d455de6efe7ecf5c838a267bc9e85948d6643183bd75411,2026-08-02T15:21:25.003767+00:00,0.0070999999999999995,0.11438753009945413,0.005508183131135996,0.008691816868864003,2,3047,2047,0.769,pass,155.0,869.0,0.01,0.004,5.573939479308249,adaptive_failure_count_reached
cutin,context_refresh_prob_0p25,context_refresh_prob,0.25,false,303,1000,0.1,0.1,0.25,4,8,runs\cutin\context_refresh_prob_0p25\seed_303,completed,pass,,54.937000,runs\cutin\context_refresh_prob_0p25\seed_303\latent_subset_summary.json,bb230c274bd50c6f8de6aed1221a59117fc7ff8a8aa2d1641d396c9b93584bbd,2026-08-02T15:22:19.950207+00:00,0.0045,0.14567848922274776,0.003215115725055365,0.0057848842749446345,2,3014,2014,0.771,pass,144.0,871.0,0.01,0.004,5.573939479308249,adaptive_failure_count_reached
cutin,context_refresh_prob_0p75,context_refresh_prob,0.75,false,101,1000,0.1,0.1,0.75,4,8,runs\cutin\context_refresh_prob_0p75\seed_101,completed,pass,,59.219000,runs\cutin\context_refresh_prob_0p75\seed_101\latent_subset_summary.json,4c4ef4f1ee18bc3fbef46bb14e9a2dab24dfbb9f7753671332efd9a50e71edc5,2026-08-02T15:21:54.090949+00:00,0.0058000000000000005,0.12744167022738218,0.00435124309285512,0.007248756907144881,2,3653,2653,0.531,pass,324.0,631.0,0.01,0.01,5.573939479308249,adaptive_failure_count_reached
cutin,context_refresh_prob_0p75,context_refresh_prob,0.75,false,202,1000,0.1,0.1,0.75,4,8,runs\cutin\context_refresh_prob_0p75\seed_202,completed,pass,,55.078000,runs\cutin\context_refresh_prob_0p75\seed_202\latent_subset_summary.json,deb9569867a07179b01b334d29ae326f609a54c6a4a522c999743339619dc9bf,2026-08-02T15:22:49.171907+00:00,0.0088,0.10180194675759575,0.007044120022324988,0.010555879977675013,2,3709,2709,0.517,pass,300.0,617.0,0.01,0.007,5.573939479308249,adaptive_failure_count_reached
cutin,context_refresh_prob_0p75,context_refresh_prob,0.75,false,303,1000,0.1,0.1,0.75,4,8,runs\cutin\context_refresh_prob_0p75\seed_303,completed,pass,,52.734000,runs\cutin\context_refresh_prob_0p75\seed_303\latent_subset_summary.json,c82aa8c551801a73747a9c7a0dc6dfdec3ede2e6db84ba30f32df74bb0f57b2e,2026-08-02T15:23:41.901108+00:00,0.0059,0.12628995424170872,0.00443958296914888,0.00736041703085112,2,3706,2706,0.502,pass,291.0,602.0,0.01,0.008,5.573939479308249,adaptive_failure_count_reached
cutin,context_refresh_prob_0p9,context_refresh_prob,0.9,false,101,1000,0.1,0.1,0.9,4,8,runs\cutin\context_refresh_prob_0p9\seed_101,completed,pass,,56.297000,runs\cutin\context_refresh_prob_0p9\seed_101\latent_subset_summary.json,f4ff86b46e07c26ca049ba50becefc36b0b82336700b59a808540108d3c275c8,2026-08-02T15:22:54.169334+00:00,0.0063,0.12195497477764437,0.0047940999714456475,0.007805900028554353,2,3893,2893,0.418,pass,387.0,518.0,0.01,0.008,5.573939479308249,adaptive_failure_count_reached
cutin,context_refresh_prob_0p9,context_refresh_prob,0.9,false,202,1000,0.1,0.1,0.9,4,8,runs\cutin\context_refresh_prob_0p9\seed_202,completed,pass,,54.031000,runs\cutin\context_refresh_prob_0p9\seed_202\latent_subset_summary.json,7a86cc14692b8655cd40b93ebb2370a6958bb3d2d8c289fa1403f92d4f4c1668,2026-08-02T15:23:48.210504+00:00,0.0083,0.10511038374530055,0.006590064277231451,0.01000993572276855,2,3901,2901,0.41,pass,394.0,510.0,0.01,0.008,5.573939479308249,adaptive_failure_count_reached
cutin,context_refresh_prob_0p9,context_refresh_prob,0.9,false,303,1000,0.1,0.1,0.9,4,8,runs\cutin\context_refresh_prob_0p9\seed_303,completed,pass,,53.531000,runs\cutin\context_refresh_prob_0p9\seed_303\latent_subset_summary.json,f9749dca3de4ee4ea5b0683c790e8ca379a3269b76dbdd01c83ca213437b465d,2026-08-02T15:24:41.759150+00:00,0.0045,0.14567848922274776,0.003215115725055365,0.0057848842749446345,2,3917,2917,0.4,pass,344.0,500.0,0.01,0.009,5.573939479308249,adaptive_failure_count_reached
