context_index,sample_index,recording_id,event_id,score,collision,near_collision,min_gap,min_ttc
0,0,52,fol_52_00373,1.3131265854670917,0.0,0.0,14.350196624073401,3.439502308315941
0,1,52,fol_52_00373,1.5625865810154722,0.0,0.0,11.61409925801281,2.9758825787880063
0,2,52,fol_52_00373,1.4708329254862833,0.0,0.0,12.446997182450058,3.4025061943003743
0,3,52,fol_52_00373,1.3944183847917826,0.0,0.0,12.828086147389467,3.4397662302769474
0,4,52,fol_52_00373,1.0771679294046987,0.0,0.0,17.359163552645636,3.4384822855684742
0,5,52,fol_52_00373,2.260224270557708,0.0,0.0,7.896798411002675,1.9744102449205403
0,6,52,fol_52_00373,1.0779624821141014,0.0,0.0,17.339792364140767,3.4397647226788517
0,7,52,fol_52_00373,1.1000005287081334,0.0,0.0,17.41375234914153,3.4384995919956056
0,8,52,fol_52_00373,2.799366279318111,0.0,0.0,5.780895998981646,1.753379977424074
0,9,52,fol_52_00373,1.081700376663503,0.0,0.0,17.28966043549241,3.438959968343358
0,10,52,fol_52_00373,1.2567274984697239,0.0,0.0,14.89540318459829,3.4392460302445063
0,11,52,fol_52_00373,1.0883736340714547,0.0,0.0,17.335883209912748,3.4391201171013575
0,12,52,fol_52_00373,1.103434507168516,0.0,0.0,17.380574685158162,3.438993776873396
0,13,52,fol_52_00373,1.5803182515524994,0.0,0.0,11.333103042423328,2.950460881585184
0,14,52,fol_52_00373,1.0791072231713001,0.0,0.0,17.326381601327025,3.4387884790189736
0,15,52,fol_52_00373,1.107994377584749,0.0,0.0,17.33133531875986,3.439370767371344
1,0,46,fol_46_00851,0.7188238816784172,0.0,0.0,16.605548891212727,5.59756936136117
1,1,46,fol_46_00851,0.7184284456736638,0.0,0.0,16.609048182944157,5.600352048702882
1,2,46,fol_46_00851,0.7182003514208308,0.0,0.0,16.612017741661106,5.600311939983082
1,3,46,fol_46_00851,0.7177899808681044,0.0,0.0,16.616463519859778,5.602480350785351
1,4,46,fol_46_00851,0.830607368357572,0.0,0.0,16.59801440080699,5.595210841911514
1,5,46,fol_46_00851,0.7191762511130653,0.0,0.0,16.601507666809482,5.599986464120675
1,6,46,fol_46_00851,0.7962594409932391,0.0,0.0,16.597975838320558,5.597592651062991
1,7,46,fol_46_00851,0.7184253792476816,0.0,0.0,16.61062877028455,5.598656050035146
1,8,46,fol_46_00851,0.7193437248800155,0.0,0.0,16.600033534726307,5.597190985870984
1,9,46,fol_46_00851,0.7185880090379967,0.0,0.0,16.60840864031423,5.600743476657126
1,10,46,fol_46_00851,0.7191658881065339,0.0,0.0,16.601403749050327,5.599579718102729
1,11,46,fol_46_00851,0.7182497776773625,0.0,0.0,16.612208298962514,5.599970463550949
1,12,46,fol_46_00851,0.7194427833067661,0.0,0.0,16.599336277498935,5.597629039241782
1,13,46,fol_46_00851,0.7219989134664023,0.0,0.0,16.598188691503005,5.596798069135066
1,14,46,fol_46_00851,0.8202937124610368,0.0,0.0,16.59113802717868,5.5964892776206945
1,15,46,fol_46_00851,0.9124303690204559,0.0,0.0,16.600431729742915,5.272776093800533
2,0,23,fol_23_00752,0.9106123837334611,0.0,0.0,14.494956607121198,4.1149046582991
2,1,23,fol_23_00752,0.9327005455244488,0.0,0.0,14.501693175101318,4.116629906060055
2,2,23,fol_23_00752,0.9565680018491519,0.0,0.0,14.500154604670124,4.116536872584325
2,3,23,fol_23_00752,0.9098618600308181,0.0,0.0,14.502199891339886,4.1160390905267
2,4,23,fol_23_00752,0.9546116555912546,0.0,0.0,14.493758664737983,4.116280234510284
2,5,23,fol_23_00752,2.005981698129867,0.0,0.0,7.843154788618206,2.291503078761908
2,6,23,fol_23_00752,0.910248872494092,0.0,0.0,14.498338719851889,4.115084456133359
2,7,23,fol_23_00752,0.9089216058087264,0.0,0.0,14.509119985255461,4.117199031110699
2,8,23,fol_23_00752,1.1588780825173384,0.0,0.0,12.849422711268927,4.115094305900316
2,9,23,fol_23_00752,2.1407980492813667,0.0,0.0,8.829160788790018,2.0555144607248783
2,10,23,fol_23_00752,0.9100170555116466,0.0,0.0,14.50405840095342,4.114249572315972
2,11,23,fol_23_00752,2.533774594650964,0.0,0.0,4.911151331447085,1.9242787186484704
2,12,23,fol_23_00752,1.7143871333814256,0.0,0.0,9.206909501533813,2.67598589870466
2,13,23,fol_23_00752,2.507397401014288,0.0,0.0,5.301076837984139,1.9352422813891996
2,14,23,fol_23_00752,0.9460733822806864,0.0,0.0,14.50174769652619,4.116535203296106
2,15,23,fol_23_00752,0.9916058885618861,0.0,0.0,14.50613627394585,4.116701256874163
3,0,36,fol_36_00248,1.4203179430039823,0.0,0.0,10.764276574328013,3.9653141701622965
3,1,36,fol_36_00248,0.9985371730011692,0.0,0.0,14.452665983563838,6.655222514031029
3,2,36,fol_36_00248,1.1346443143193103,0.0,0.0,12.951452980989663,5.785532655363742
3,3,36,fol_36_00248,0.8268868284436498,0.0,0.0,16.31633914817818,8.262475327261006
3,4,36,fol_36_00248,0.7297339930131848,0.0,0.0,18.05144866282067,8.266337910633153
3,5,36,fol_36_00248,0.573705273202314,0.0,0.0,20.254545623677423,8.266014456221802
3,6,36,fol_36_00248,1.5777028139086515,0.0,0.0,10.46857870377807,3.0406629497132323
3,7,36,fol_36_00248,0.9741909969035849,0.0,0.0,14.674549550554167,7.258016747465737
3,8,36,fol_36_00248,1.607140684340401,0.0,0.0,9.747073706274852,3.267050815199672
3,9,36,fol_36_00248,0.6098440468278281,0.0,0.0,20.121338425547698,8.266222041315846
3,10,36,fol_36_00248,0.6109746319797507,0.0,0.0,20.19894040903535,8.27096026185827
3,11,36,fol_36_00248,0.5528674080214082,0.0,0.0,20.26218971847217,8.271796020408363
3,12,36,fol_36_00248,0.8922289338517806,0.0,0.0,15.984700316507206,7.528654243759149
3,13,36,fol_36_00248,1.309762301227469,0.0,0.0,12.050354211248267,4.454383332877175
3,14,36,fol_36_00248,1.183338885010683,0.0,0.0,13.370499209092406,4.89395532093004
3,15,36,fol_36_00248,0.5970429043374113,0.0,0.0,20.2713722435254,8.264107988557477
4,0,1,fol_01_00477,2.2484452982490204,0.0,0.0,6.651828405363297,2.069623382051178
4,1,1,fol_01_00477,3.0431782255031052,0.0,0.0,4.701879834124007,1.66856393671855
4,2,1,fol_01_00477,0.6729819716553518,0.0,0.0,16.723395575923668,9.142435267238978
4,3,1,fol_01_00477,0.673146186548512,0.0,0.0,16.721437664422297,9.132642036234593
4,4,1,fol_01_00477,0.8548689196678558,0.0,0.0,16.7207376788757,7.076645437429073
4,5,1,fol_01_00477,0.7098495496848068,0.0,0.0,16.722851946016597,9.142443162769498
4,6,1,fol_01_00477,2.4668071147857313,0.0,0.0,6.140005932510469,1.9357748065720408
4,7,1,fol_01_00477,2.9236392405337908,0.0,0.0,4.810410910451203,1.7381471817134975
4,8,1,fol_01_00477,0.8926060418880704,0.0,0.0,16.722137217779398,5.820275610480162
4,9,1,fol_01_00477,0.6731365318613834,0.0,0.0,16.721510315957367,9.143547461846538
4,10,1,fol_01_00477,0.6758625501396752,0.0,0.0,16.72048550254666,9.136969595293378
4,11,1,fol_01_00477,0.6729298601793876,0.0,0.0,16.723749305299997,9.152279545539907
4,12,1,fol_01_00477,0.6740967738021011,0.0,0.0,16.72486120003048,9.152210763102305
4,13,1,fol_01_00477,2.662788634825818,0.0,0.0,5.481041766264958,1.842658200430462
4,14,1,fol_01_00477,0.7783960657566074,0.0,0.0,16.72273914091403,9.141243516565043
4,15,1,fol_01_00477,0.9860163293851887,0.0,0.0,16.716420335520006,4.649971222960307
5,0,23,fol_23_00787,0.8219151932984285,0.0,0.0,14.668491955861848,10.127609704707154
5,1,23,fol_23_00787,1.1228046148665534,0.0,0.0,14.668517567315538,4.734601212526654
5,2,23,fol_23_00787,0.9118243949140994,0.0,0.0,14.668198844297136,8.94589502419042
5,3,23,fol_23_00787,1.374016568410728,0.0,0.0,9.979716892344745,4.660926296414131
5,4,23,fol_23_00787,0.9140385788167069,0.0,0.0,14.668473765948209,9.386585190902736
5,5,23,fol_23_00787,0.765718683500655,0.0,0.0,14.668344486291284,23.23690202152149
5,6,23,fol_23_00787,0.7657032709311018,0.0,0.0,14.668577086963476,23.28587004035957
5,7,23,fol_23_00787,2.7692215142027066,0.0,0.0,4.424431296275804,1.7781240869946784
5,8,23,fol_23_00787,0.8728398182606365,0.0,0.0,14.668629940934393,11.138429685821722
5,9,23,fol_23_00787,0.9899258423877719,0.0,0.0,14.668576399267673,6.978716172120397
5,10,23,fol_23_00787,1.0467574564289586,0.0,0.0,14.668324011655665,5.859547057394753
5,11,23,fol_23_00787,0.7656900837843781,0.0,0.0,14.66888015078027,23.359967347638765
5,12,23,fol_23_00787,1.0739176605523368,0.0,0.0,14.668259020536665,5.327502818719021
5,13,23,fol_23_00787,0.7656869107053582,0.0,0.0,14.668843013719345,23.34338330293546
5,14,23,fol_23_00787,0.7657142335833074,0.0,0.0,14.668399124709923,23.25471556587584
5,15,23,fol_23_00787,0.7657075990781257,0.0,0.0,14.668482989919445,23.25074196362426
6,0,52,fol_52_01007,0.704652944908597,0.0,0.0,17.371920487212154,5.08152178698571
6,1,52,fol_52_01007,2.0343142269073295,0.0,0.0,9.576349287038411,2.0426455004354542
6,2,52,fol_52_01007,1.55387529603593,0.0,0.0,10.424418130322422,3.116295051650103
6,3,52,fol_52_01007,0.7042734745413064,0.0,0.0,17.374703650954686,5.082181636783915
6,4,52,fol_52_01007,2.880668575780993,0.0,0.0,4.455122456446957,1.726158747205891
6,5,52,fol_52_01007,3.0526000059880984,0.0,0.0,4.414577536212859,1.6281553522405061
6,6,52,fol_52_01007,2.372746396567789,0.0,0.0,5.9011151902274,1.9954358676324482
6,7,52,fol_52_01007,0.7043327705950058,0.0,0.0,17.3747760582551,5.08161737153493
6,8,52,fol_52_01007,0.8385917908304252,0.0,0.0,17.37193974777717,5.0800284446379855
6,9,52,fol_52_01007,2.5018635872529265,0.0,0.0,4.597509199609802,1.9243758849960448
6,10,52,fol_52_01007,0.7399908731388931,0.0,0.0,17.36229481176223,5.08001561726582
6,11,52,fol_52_01007,2.8379895324255244,0.0,0.0,4.817641003446282,1.7299049054255946
6,12,52,fol_52_01007,0.7039925576609856,0.0,0.0,17.38028934811819,5.080838049847731
6,13,52,fol_52_01007,2.1465039575633966,0.0,0.0,5.994985107449508,2.217561958103005
6,14,52,fol_52_01007,0.7050297731459496,0.0,0.0,17.374359483764326,5.082804285434642
6,15,52,fol_52_01007,0.7046293321275673,0.0,0.0,17.36793454724471,5.082066322895097
7,0,36,fol_36_00223,0.6128305446809169,0.0,0.0,17.856705330855903,19.05291854080513
7,1,36,fol_36_00223,0.6128296064710401,0.0,0.0,17.856779838086375,19.040512827487248
7,2,36,fol_36_00223,0.6128674126235252,0.0,0.0,17.856142324989627,19.045373137543596
7,3,36,fol_36_00223,0.8417289753269496,0.0,0.0,17.85571871793099,5.9118209259118
7,4,36,fol_36_00223,0.8618675353021769,0.0,0.0,17.852597823067306,5.1743813862454315
7,5,36,fol_36_00223,0.8154513496546035,0.0,0.0,17.856171722872816,6.619605431370868
7,6,36,fol_36_00223,0.6266914055077805,0.0,0.0,17.85681587667853,19.052025887797335
7,7,36,fol_36_00223,0.688821095018406,0.0,0.0,17.853920340024786,14.401220184985114
7,8,36,fol_36_00223,0.6901786224623323,0.0,0.0,17.856357200249477,12.795989400724286
7,9,36,fol_36_00223,0.6570961287809522,0.0,0.0,17.856652804230222,9.31387063503653
7,10,36,fol_36_00223,0.898338620380106,0.0,0.0,17.856045456421306,4.653845549326789
7,11,36,fol_36_00223,0.8684037772722552,0.0,0.0,17.855447995514375,5.104937900642985
7,12,36,fol_36_00223,0.7702990579664267,0.0,0.0,17.857688745999738,8.09477399301187
7,13,36,fol_36_00223,0.673822001739631,0.0,0.0,17.85573736108558,15.355161043146376
7,14,36,fol_36_00223,0.6704848691184581,0.0,0.0,17.856239413906067,14.325423327894535
7,15,36,fol_36_00223,0.8888589299277605,0.0,0.0,17.851975035594023,4.931294891864107
8,0,46,fol_46_00185,2.6781516794699756,0.0,0.0,4.3804012039830305,1.7365175698203623
8,1,46,fol_46_00185,1.0097361828629692,0.0,0.0,13.855163756155783,7.10543122670635
8,2,46,fol_46_00185,3.240742801361549,0.0,0.0,3.4464326700319567,1.5501570476713689
8,3,46,fol_46_00185,0.8104493219755735,0.0,0.0,13.855677694930204,10.635254386444752
8,4,46,fol_46_00185,2.642143643370766,0.0,0.0,4.385725157017934,1.7612692114329758
8,5,46,fol_46_00185,0.837641969821344,0.0,0.0,13.855607872993463,10.634520284506678
8,6,46,fol_46_00185,0.8103082203105829,0.0,0.0,13.857554727043773,10.658164821742524
8,7,46,fol_46_00185,1.002007962094733,0.0,0.0,13.854811947680183,7.255094935348823
8,8,46,fol_46_00185,1.9567406698021357,0.0,0.0,10.252453135240021,2.114062694696655
8,9,46,fol_46_00185,2.0120977265360724,0.0,0.0,8.139776657989163,2.1495482840857014
8,10,46,fol_46_00185,1.2125715403558968,0.0,0.0,11.49359750809278,5.428106969561336
8,11,46,fol_46_00185,0.8104234672635295,0.0,0.0,13.856108750758697,10.638434317008178
8,12,46,fol_46_00185,0.8116127063444575,0.0,0.0,13.854743346419166,10.62416961355039
8,13,46,fol_46_00185,0.9650725158763489,0.0,0.0,13.85615647057951,8.660703478516407
8,14,46,fol_46_00185,3.2113318018298984,0.0,0.0,3.4396466937334687,1.5462302458375994
8,15,46,fol_46_00185,3.3473490124629874,0.0,0.0,3.6857962264090425,1.4870102519090123
9,0,46,fol_46_00823,0.9879852773863991,0.0,0.0,15.390790164766894,4.332526937162563
9,1,46,fol_46_00823,0.856870678163285,0.0,0.0,16.842344858112497,4.334010225212502
9,2,46,fol_46_00823,0.8107843928063541,0.0,0.0,16.835782865771918,4.333534005843187
9,3,46,fol_46_00823,0.8128437042880823,0.0,0.0,16.819511079748374,4.331785571033451
9,4,46,fol_46_00823,0.8123238720419548,0.0,0.0,16.827705103111427,4.33191485196134
9,5,46,fol_46_00823,0.8125672843042743,0.0,0.0,16.825489962170757,4.331174634961097
9,6,46,fol_46_00823,0.8140938872644092,0.0,0.0,16.835579047098797,4.333392490705914
9,7,46,fol_46_00823,0.8784017838575422,0.0,0.0,16.801465103333932,4.33250546276586
9,8,46,fol_46_00823,0.8241838548391838,0.0,0.0,16.809239786459898,4.332499113874105
9,9,46,fol_46_00823,0.8528271336253936,0.0,0.0,16.835675400291358,4.333416106533418
9,10,46,fol_46_00823,0.8235625195657589,0.0,0.0,16.805860465834606,4.332492450284731
9,11,46,fol_46_00823,0.8105128659454047,0.0,0.0,16.836784419815928,4.334522290444484
9,12,46,fol_46_00823,0.891896741166366,0.0,0.0,16.829384574921292,4.333893250454849
9,13,46,fol_46_00823,0.9126722840473767,0.0,0.0,16.841331069856558,4.334521113990314
9,14,46,fol_46_00823,0.8307751247665246,0.0,0.0,16.846007840800425,4.3345071204265055
9,15,46,fol_46_00823,0.8695323967389421,0.0,0.0,16.85256293974058,4.333869281190588
10,0,36,fol_36_00240,0.7395095095225389,0.0,0.0,17.0493555872631,5.2492493243985106
10,1,36,fol_36_00240,0.8499594518234974,0.0,0.0,17.060457186144184,5.250733379263065
10,2,36,fol_36_00240,0.7323394661672892,0.0,0.0,17.071264765814853,5.255767784868916
10,3,36,fol_36_00240,0.8677832466444311,0.0,0.0,17.052533466989964,5.252773586030025
10,4,36,fol_36_00240,2.67249503901707,0.0,0.0,4.8899498980296965,1.8429662690671422
10,5,36,fol_36_00240,0.710318844648878,0.0,0.0,17.057435250257484,5.249421451592576
10,6,36,fol_36_00240,0.9849246980562882,0.0,0.0,16.271065523305452,5.2515396982955505
10,7,36,fol_36_00240,0.8400514785827736,0.0,0.0,17.068319151921486,5.254319769474493
10,8,36,fol_36_00240,0.7450920723796657,0.0,0.0,17.06072296426626,5.251409991413905
10,9,36,fol_36_00240,2.3328914345976206,0.0,0.0,5.23078306591283,2.0501726183398463
10,10,36,fol_36_00240,0.7107471442685112,0.0,0.0,17.052707892301385,5.251750040922095
10,11,36,fol_36_00240,0.7094178143383545,0.0,0.0,17.06554398270727,5.253074753565438
10,12,36,fol_36_00240,0.7193247548543649,0.0,0.0,17.05611620710885,5.252748213198109
10,13,36,fol_36_00240,1.8057126798165406,0.0,0.0,8.896999322080985,2.561703417582404
10,14,36,fol_36_00240,0.7100432166560974,0.0,0.0,17.060148139138896,5.252057575106879
10,15,36,fol_36_00240,1.2346288487890802,0.0,0.0,11.200025672345118,5.251793036162039
11,0,13,fol_13_00871,0.7140532125585807,0.0,0.0,15.740108612772413,15.333209546003625
11,1,13,fol_13_00871,0.8061257471657897,0.0,0.0,15.74023482486017,8.43332587986618
11,2,13,fol_13_00871,0.8193451174924351,0.0,0.0,15.740695633731423,9.887704418470081
11,3,13,fol_13_00871,1.9627530064389025,0.0,0.0,10.887896414196955,2.1460904361658435
11,4,13,fol_13_00871,0.7481593317537587,0.0,0.0,15.741062984340164,15.336245250700184
11,5,13,fol_13_00871,0.7140417978750448,0.0,0.0,15.740397909766305,15.336411058735877
11,6,13,fol_13_00871,0.7140102767777209,0.0,0.0,15.74140525276815,15.365974897158221
11,7,13,fol_13_00871,0.8493372418096261,0.0,0.0,15.739618337160596,6.924808004526556
11,8,13,fol_13_00871,0.7139989431661353,0.0,0.0,15.74107807116248,15.339512383380647
11,9,13,fol_13_00871,0.7886400532854347,0.0,0.0,15.741290630137083,10.824034185208136
11,10,13,fol_13_00871,0.8424615927515762,0.0,0.0,15.741760986667128,7.4362483854862775
11,11,13,fol_13_00871,0.7140988375803573,0.0,0.0,15.739391664910354,15.303914675661524
11,12,13,fol_13_00871,0.7727935525539931,0.0,0.0,15.740849817244584,13.128824073286305
11,13,13,fol_13_00871,2.103722392177832,0.0,0.0,10.663719113529606,1.9785527189666587
11,14,13,fol_13_00871,1.6767989032642052,0.0,0.0,12.390554061490104,2.5320675319991244
11,15,13,fol_13_00871,0.7141333062926424,0.0,0.0,15.738820432810254,15.299402925458038
12,0,42,fol_42_01203,3.0210692736309164,0.0,0.0,5.5598587572492315,1.7133020203561147
12,1,42,fol_42_01203,0.684001464104521,0.0,0.0,20.994253350538756,6.166892497717
12,2,42,fol_42_01203,2.5976408466548637,0.0,0.0,5.614363068804509,1.899464963214511
12,3,42,fol_42_01203,2.500112378525787,0.0,0.0,5.468826457298236,1.9591430883206167
12,4,42,fol_42_01203,2.3085407872731425,0.0,0.0,7.0473810299159405,2.0551871621075666
12,5,42,fol_42_01203,2.1017986562353403,0.0,0.0,8.6889356705028,2.1251523531972705
12,6,42,fol_42_01203,2.433420406082787,0.0,0.0,6.695908535463119,1.9862018150531748
12,7,42,fol_42_01203,2.92911008681126,0.0,0.0,5.151635026494589,1.75840758929359
12,8,42,fol_42_01203,2.4237433878414576,0.0,0.0,5.881260057033956,2.002300521900897
12,9,42,fol_42_01203,2.9477314223605022,0.0,0.0,5.150854903474269,1.7477590633908189
12,10,42,fol_42_01203,3.0398480405646637,0.0,0.0,5.14434284457795,1.7157315756669418
12,11,42,fol_42_01203,2.2170514659922587,0.0,0.0,7.403163603620556,2.1030666542407612
12,12,42,fol_42_01203,2.981464328185687,0.0,0.0,5.153476384672474,1.7429167534948646
12,13,42,fol_42_01203,0.5510488157789765,0.0,0.0,22.977121807853226,6.166901079243853
12,14,42,fol_42_01203,1.533491338801317,0.0,0.0,11.432010153142599,3.075479897131888
12,15,42,fol_42_01203,0.5508678437006517,0.0,0.0,22.979433331093684,6.169690577618937
13,0,42,fol_42_00600,2.8954329693671244,0.0,0.0,3.508897633795395,1.5398444519482408
13,1,42,fol_42_00600,2.170561384874883,0.0,0.0,6.568283279559409,2.0200537408787977
13,2,42,fol_42_00600,1.3987586169815547,0.0,0.0,6.569174771508435,2.847617072501197
13,3,42,fol_42_00600,2.4438644605206177,0.0,0.0,6.566669964404908,1.8137111911045676
13,4,42,fol_42_00600,1.5354008265993246,0.0,0.0,6.564772636578282,2.8453375948494797
13,5,42,fol_42_00600,1.4825453717235737,0.0,0.0,6.565077230013631,2.8473658183568125
13,6,42,fol_42_00600,1.8222257136394595,0.0,0.0,6.566565294280852,2.757436782939544
13,7,42,fol_42_00600,1.8669191919568928,0.0,0.0,6.564898353136644,2.5481094327097664
13,8,42,fol_42_00600,1.4527546555739073,0.0,0.0,6.567379550284435,2.8455869002061007
13,9,42,fol_42_00600,1.4342225137807796,0.0,0.0,6.564949269525829,2.8480071155206423
13,10,42,fol_42_00600,1.714976026147073,0.0,0.0,6.5660373267267,2.847627569477407
13,11,42,fol_42_00600,1.452825364599597,0.0,0.0,6.566271547427099,2.84737371161788
13,12,42,fol_42_00600,1.5462796364467069,0.0,0.0,6.569787730077539,2.850095188534688
13,13,42,fol_42_00600,1.631250493842539,0.0,0.0,6.567808305008863,2.8491413555230607
13,14,42,fol_42_00600,2.529925452805471,0.0,0.0,6.563102782694279,1.7626486066433618
13,15,42,fol_42_00600,1.4007467245117415,0.0,0.0,6.563765472269529,2.8471165907463756
14,0,13,fol_13_01523,2.2913755625302628,0.0,0.0,5.164980209744931,2.103885460520138
14,1,13,fol_13_01523,1.0110219400342726,0.0,0.0,11.832090714688112,4.004169606655456
14,2,13,fol_13_01523,1.0236136898682515,0.0,0.0,11.823176683943002,4.001396201872367
14,3,13,fol_13_01523,1.0120501754679254,0.0,0.0,11.827210697486676,4.001095913214769
14,4,13,fol_13_01523,2.5036367415710465,0.0,0.0,4.839837616263912,1.9388034288982197
14,5,13,fol_13_01523,1.6972091410909025,0.0,0.0,8.198174454377513,3.178451018173315
14,6,13,fol_13_01523,2.0870791546036283,0.0,0.0,6.287229526563911,2.3064109171732188
14,7,13,fol_13_01523,1.0132412959816404,0.0,0.0,11.820356399540264,4.001068956677073
14,8,13,fol_13_01523,1.9665431064919638,0.0,0.0,7.003745451056849,2.4256489182219396
14,9,13,fol_13_01523,1.0129158012849155,0.0,0.0,11.819350270612913,4.002240083127321
14,10,13,fol_13_01523,1.0117899419905587,0.0,0.0,11.829534098625123,4.003050635080123
14,11,13,fol_13_01523,2.2720711528684925,0.0,0.0,5.364036288760564,2.1211749023741144
14,12,13,fol_13_01523,2.7706349294521053,0.0,0.0,4.809031298564554,1.790819278790974
14,13,13,fol_13_01523,1.0127524702158794,0.0,0.0,11.832860243330272,4.002521368268701
14,14,13,fol_13_01523,1.011493380148873,0.0,0.0,11.831275120420115,4.004156851996798
14,15,13,fol_13_01523,1.0128921673777382,0.0,0.0,11.82447250576564,4.001921760736335
15,0,13,fol_13_00117,0.8195329874569635,0.0,0.0,18.379086861438907,6.169816298750848
15,1,13,fol_13_00117,2.599786351775791,0.0,0.0,7.180191756890482,1.6895611482999802
15,2,13,fol_13_00117,0.7280411119066152,0.0,0.0,18.377708971814258,6.30089271626689
15,3,13,fol_13_00117,1.5548144601647775,0.0,0.0,9.82908131626158,3.582541825323876
15,4,13,fol_13_00117,1.3562351284360932,0.0,0.0,11.860248085519801,3.7103665880538106
15,5,13,fol_13_00117,3.2348273929824174,0.0,0.0,3.6055855759202036,1.5437800735483176
15,6,13,fol_13_00117,2.873968394669087,0.0,0.0,4.779721907689721,1.6297544629749927
15,7,13,fol_13_00117,2.672993483631899,0.0,0.0,5.364825768045849,1.7080000750885012
15,8,13,fol_13_00117,0.9330947310021673,0.0,0.0,15.742904996759252,6.301396010181816
15,9,13,fol_13_00117,0.6234185361804905,0.0,0.0,18.367364500335285,6.299596574265471
15,10,13,fol_13_00117,3.2558409325409596,0.0,0.0,3.3429112746217715,1.5323875241285576
15,11,13,fol_13_00117,0.716458176987805,0.0,0.0,18.37590173166106,6.303223454106497
15,12,13,fol_13_00117,0.8746239705648362,0.0,0.0,16.01338546443924,6.304818341803478
15,13,13,fol_13_00117,1.5570396824495143,0.0,0.0,11.859066178063758,2.829627414815091
15,14,13,fol_13_00117,2.512981477125945,0.0,0.0,7.755731375497506,1.6929048944232052
15,15,13,fol_13_00117,3.03903307038629,0.0,0.0,4.00372705898606,1.5880753368584812
16,0,52,fol_52_00381,0.7890980397126309,0.0,0.0,21.80478845653971,5.368149461418662
16,1,52,fol_52_00381,0.5859954413121455,0.0,0.0,25.682627741836136,5.930817084360701
16,2,52,fol_52_00381,0.7436339396057938,0.0,0.0,25.470032097682463,5.925312517209664
16,3,52,fol_52_00381,0.5946754095842148,0.0,0.0,25.690877052062405,5.928077472405148
16,4,52,fol_52_00381,0.5868601239117136,0.0,0.0,25.660756374717018,5.927811309844466
16,5,52,fol_52_00381,0.5863717583445451,0.0,0.0,25.671593090765967,5.928077027766299
16,6,52,fol_52_00381,0.5916530504431079,0.0,0.0,25.656180274699565,5.9269495358423105
16,7,52,fol_52_00381,0.5858831775258361,0.0,0.0,25.67784356875933,5.9289279678242055
16,8,52,fol_52_00381,0.60295583952959,0.0,0.0,25.678557885465032,5.929459137979498
16,9,52,fol_52_00381,0.5864040161437358,0.0,0.0,25.67418417872031,5.928079015222122
16,10,52,fol_52_00381,0.5887725465154924,0.0,0.0,25.643281710283517,5.927239195856476
16,11,52,fol_52_00381,0.6494143031945052,0.0,0.0,25.639429930766468,5.926150502097917
16,12,52,fol_52_00381,0.7239783738219272,0.0,0.0,25.668628004286255,5.928353541726698
16,13,52,fol_52_00381,0.5916454558701416,0.0,0.0,25.675075853116503,5.92807727118786
16,14,52,fol_52_00381,0.6097195009958506,0.0,0.0,25.686940938400994,5.927806448168761
16,15,52,fol_52_00381,0.5861351285883148,0.0,0.0,25.688772537634264,5.928322329498076
17,0,36,fol_36_01133,0.5284565969391564,0.0,0.0,21.281747375589504,12.726829991783355
17,1,36,fol_36_01133,0.5120037643374019,0.0,0.0,21.283342529525285,12.73188275769585
17,2,36,fol_36_01133,0.5308970548101355,0.0,0.0,21.279739253336437,12.725412972019052
17,3,36,fol_36_01133,1.199744980796032,0.0,0.0,15.562260433177402,3.735313821010479
17,4,36,fol_36_01133,0.5124867615585843,0.0,0.0,21.2816021435604,12.736610072245053
17,5,36,fol_36_01133,0.5111742988465776,0.0,0.0,21.280949366372568,12.731807393009767
17,6,36,fol_36_01133,0.511197784137655,0.0,0.0,21.280310724939994,12.723587052274098
17,7,36,fol_36_01133,0.5193127683782721,0.0,0.0,21.281564032362866,12.723731557003138
17,8,36,fol_36_01133,0.5899877236983437,0.0,0.0,21.28130627311353,12.724173714479235
17,9,36,fol_36_01133,0.5111217422437074,0.0,0.0,21.282408429837382,12.740370982115145
17,10,36,fol_36_01133,0.515257913715621,0.0,0.0,21.282105351124365,12.730315318443836
17,11,36,fol_36_01133,0.5145888495582533,0.0,0.0,21.28302864473107,12.740518037659449
17,12,36,fol_36_01133,0.511124591160617,0.0,0.0,21.281914008951958,12.726101291001246
17,13,36,fol_36_01133,0.5111212872706486,0.0,0.0,21.282071908829202,12.737044585089148
17,14,36,fol_36_01133,0.5112359877308252,0.0,0.0,21.28233213421492,12.732342397336916
17,15,36,fol_36_01133,0.5167666896333527,0.0,0.0,21.278838007838516,12.7220999173326
18,0,13,fol_13_00284,0.5780532362365371,0.0,0.0,20.946961549557123,6.200823612066695
18,1,13,fol_13_00284,0.5571602420112843,0.0,0.0,20.950880621135994,6.200310285633034
18,2,13,fol_13_00284,0.5912481283913968,0.0,0.0,20.94456403579261,6.19937353879072
18,3,13,fol_13_00284,0.6071121269192538,0.0,0.0,20.939807637744885,6.194127154711633
18,4,13,fol_13_00284,0.8850256158834745,0.0,0.0,16.776471007948157,6.19839566054954
18,5,13,fol_13_00284,1.4043359868926835,0.0,0.0,12.384229493057983,3.532202765356317
18,6,13,fol_13_00284,0.5561854426256786,0.0,0.0,20.951255538667766,6.197617971731005
18,7,13,fol_13_00284,0.5565672468610112,0.0,0.0,20.94370840851648,6.1960878670754855
18,8,13,fol_13_00284,0.5569437036862664,0.0,0.0,20.9374901276867,6.194162694374795
18,9,13,fol_13_00284,0.5827833861323749,0.0,0.0,20.933858218196896,6.194499826672282
18,10,13,fol_13_00284,0.556740320571087,0.0,0.0,20.94083716690175,6.195320846377231
18,11,13,fol_13_00284,0.5568878088105317,0.0,0.0,20.938471008297476,6.196476388707692
18,12,13,fol_13_00284,0.568973648607659,0.0,0.0,20.951888123102584,6.199482433166225
18,13,13,fol_13_00284,1.1148910475771663,0.0,0.0,13.181996893702472,6.19918683660824
18,14,13,fol_13_00284,0.556982672595902,0.0,0.0,20.937747411354948,6.195038280722157
18,15,13,fol_13_00284,0.5567669602604176,0.0,0.0,20.940433496660013,6.196886794472714
19,0,1,fol_01_00315,0.790004933534882,0.0,0.0,14.169807525641193,33.946458675386005
19,1,1,fol_01_00315,0.7899843976865515,0.0,0.0,14.170128226232233,34.1881133071035
19,2,1,fol_01_00315,0.789997291856821,0.0,0.0,14.16992268938137,34.02464634645248
19,3,1,fol_01_00315,0.9032106421729486,0.0,0.0,14.170089828292614,10.61443714992117
19,4,1,fol_01_00315,0.7899865218480093,0.0,0.0,14.170087478399193,34.205423485644246
19,5,1,fol_01_00315,1.714614967843913,0.0,0.0,11.972271892832072,2.4907254076965186
19,6,1,fol_01_00315,1.1210523276079427,0.0,0.0,14.170128839546113,5.1330804023332
19,7,1,fol_01_00315,1.04969355038522,0.0,0.0,14.170091115748992,6.144076272285545
19,8,1,fol_01_00315,0.8731937595938941,0.0,0.0,14.169849105209874,12.576065902264332
19,9,1,fol_01_00315,0.8698089362032118,0.0,0.0,14.16972618590513,13.47935184469682
19,10,1,fol_01_00315,0.8650868841795847,0.0,0.0,14.169806044170041,12.789568494479735
19,11,1,fol_01_00315,0.7899891046359355,0.0,0.0,14.170054355287778,34.15098030744191
19,12,1,fol_01_00315,0.7899887874667975,0.0,0.0,14.170059731974167,34.12407438027029
19,13,1,fol_01_00315,0.7899821300117279,0.0,0.0,14.170146553913948,34.20746905585777
19,14,1,fol_01_00315,0.7900052302776028,0.0,0.0,14.169800710447252,33.88450769520301
19,15,1,fol_01_00315,0.7899762830130276,0.0,0.0,14.17022867514088,34.22168531891247
20,0,23,fol_23_00841,1.2603906182019862,0.0,0.0,12.417091855634467,4.945957754268947
20,1,23,fol_23_00841,0.5212013263324857,0.0,0.0,26.433494998596853,8.6182709396078
20,2,23,fol_23_00841,0.521321638585642,0.0,0.0,26.427211593772718,8.614769758649853
20,3,23,fol_23_00841,0.5217017528809654,0.0,0.0,26.433229557994515,8.617286762556828
20,4,23,fol_23_00841,0.7114209631437879,0.0,0.0,18.828037467446023,8.609343609620066
20,5,23,fol_23_00841,0.8639991726093279,0.0,0.0,18.07122621069871,6.589248695402573
20,6,23,fol_23_00841,0.6391144883299802,0.0,0.0,23.784346551231664,8.61223352913299
20,7,23,fol_23_00841,0.7243327875097271,0.0,0.0,19.80927746658068,8.218771473563564
20,8,23,fol_23_00841,0.5211815761146414,0.0,0.0,26.435343149256504,8.616549672113544
20,9,23,fol_23_00841,0.6170930048351284,0.0,0.0,24.772637902755633,8.610427807112504
20,10,23,fol_23_00841,1.0188235219641935,0.0,0.0,16.197761053332016,5.623854919677048
20,11,23,fol_23_00841,0.6985224060621071,0.0,0.0,25.506474144024992,7.250999737095856
20,12,23,fol_23_00841,0.6187621775031903,0.0,0.0,25.921426928666307,7.449313232891203
20,13,23,fol_23_00841,0.7904848312992133,0.0,0.0,21.34232801075686,5.551165199764655
20,14,23,fol_23_00841,0.5212508137788147,0.0,0.0,26.43092706609118,8.614573734347795
20,15,23,fol_23_00841,0.5739428250880172,0.0,0.0,26.438841809531052,8.613527041113446
21,0,23,fol_23_00783,0.7294433006245182,0.0,0.0,15.461705440522335,12.056352778646467
21,1,23,fol_23_00783,0.7291820730397023,0.0,0.0,15.463188212416773,12.076896707621644
21,2,23,fol_23_00783,1.1979437799144455,0.0,0.0,12.745314732540232,5.038203923420479
21,3,23,fol_23_00783,2.30862942179366,0.0,0.0,7.389731449302156,1.929274788315218
21,4,23,fol_23_00783,0.7294066494213572,0.0,0.0,15.462126793500834,12.045330999880834
21,5,23,fol_23_00783,2.5803153806071277,0.0,0.0,5.885392074871371,1.8287166488404596
21,6,23,fol_23_00783,3.204689217918638,0.0,0.0,4.493138310875233,1.6064858314440502
21,7,23,fol_23_00783,0.7293657758616894,0.0,0.0,15.462694575957366,12.06241740427546
21,8,23,fol_23_00783,3.189186814050349,0.0,0.0,4.170609948651881,1.589783155230918
21,9,23,fol_23_00783,1.0370480813175658,0.0,0.0,15.462526582001827,4.8905081374641615
21,10,23,fol_23_00783,0.8135263736092937,0.0,0.0,15.46282488809202,12.054661708937683
21,11,23,fol_23_00783,1.5743946577446,0.0,0.0,11.18954266757981,2.894142741773784
21,12,23,fol_23_00783,3.168665930086475,0.0,0.0,4.676302322191541,1.6081636843429756
21,13,23,fol_23_00783,0.9834537899622249,0.0,0.0,15.462434251350226,5.705097429681708
21,14,23,fol_23_00783,0.7294376270996906,0.0,0.0,15.46179080788954,12.045919616971178
21,15,23,fol_23_00783,3.1396256606017454,0.0,0.0,4.987089437616541,1.6310654612018316
22,0,48,fol_48_00069,2.027994572995188,0.0,0.0,9.42468714231877,2.054949713964682
22,1,48,fol_48_00069,2.3898047645102345,0.0,0.0,8.126339775838954,1.703007867331204
22,2,48,fol_48_00069,1.4906644146426895,0.0,0.0,12.103693168967691,3.13216852516955
22,3,48,fol_48_00069,0.5312304739287026,0.0,0.0,22.528801098242074,7.135625684133858
22,4,48,fol_48_00069,0.5313107672076559,0.0,0.0,22.52069669301382,7.140561160420949
22,5,48,fol_48_00069,1.698417388647345,0.0,0.0,8.745612230621003,3.1941193306339755
22,6,48,fol_48_00069,0.5317286322121404,0.0,0.0,22.510359308494404,7.136192262033613
22,7,48,fol_48_00069,0.724941813251361,0.0,0.0,18.634096274279823,7.136660954915475
22,8,48,fol_48_00069,0.5315373701602281,0.0,0.0,22.51608341784593,7.138536717019572
22,9,48,fol_48_00069,1.1423393682805614,0.0,0.0,15.253958637367884,4.284325166702936
22,10,48,fol_48_00069,2.0463857850070006,0.0,0.0,7.704279401300294,2.1439235251743054
22,11,48,fol_48_00069,1.6907009053603774,0.0,0.0,8.591419256831824,3.346344646430266
22,12,48,fol_48_00069,4.9227134676215165,0.0,1.0,1.9027858592851565,1.31682280316355
22,13,48,fol_48_00069,1.1278838878097286,0.0,0.0,13.10520233272494,6.141877898369854
22,14,48,fol_48_00069,4.903135809039862,0.0,1.0,1.9872060549550774,1.3235444000655416
22,15,48,fol_48_00069,4.76174083175188,0.0,1.0,1.9351373191104209,1.3272352266830953
23,0,42,fol_42_00774,0.8940402912745995,0.0,0.0,12.72593096317113,5.557088526635156
23,1,42,fol_42_00774,1.2685618267618348,0.0,0.0,12.72578271536749,3.975438854292589
23,2,42,fol_42_00774,0.8935498594820354,0.0,0.0,12.729830765300427,5.557664130131517
23,3,42,fol_42_00774,0.9123449303489294,0.0,0.0,12.724523834325744,5.551991829398185
23,4,42,fol_42_00774,0.8934841394589346,0.0,0.0,12.730312669065395,5.558357881067441
23,5,42,fol_42_00774,0.9062852318749148,0.0,0.0,12.729481550587959,5.55652538713873
23,6,42,fol_42_00774,0.8945642643644328,0.0,0.0,12.721736988147018,5.55310079083224
23,7,42,fol_42_00774,3.1898704665019753,0.0,0.0,3.9133895314926583,1.569211953861898
23,8,42,fol_42_00774,1.5446337250384237,0.0,0.0,10.758627138544444,3.024365986125236
23,9,42,fol_42_00774,2.907708186517997,0.0,0.0,4.05339578128164,1.6853400069239475
23,10,42,fol_42_00774,1.979875796466851,0.0,0.0,6.400573573494629,2.4963669757025566
23,11,42,fol_42_00774,0.8943145962270425,0.0,0.0,12.724220918318679,5.552560118836392
23,12,42,fol_42_00774,1.4108810722260445,0.0,0.0,10.13463364746963,4.157052286840417
23,13,42,fol_42_00774,0.8943569597587444,0.0,0.0,12.723244616615109,5.554091125441406
23,14,42,fol_42_00774,2.4440246802146603,0.0,0.0,4.735022258141118,1.9183422100148748
23,15,42,fol_42_00774,1.9313677080079037,0.0,0.0,7.318609267894548,2.4914151309968355
24,0,1,fol_01_00598,0.9980461114432139,0.0,0.0,18.933425465496065,3.9682309932598914
24,1,1,fol_01_00598,0.6779422307589427,0.0,0.0,20.726106204493973,4.77117949515224
24,2,1,fol_01_00598,0.65758659478301,0.0,0.0,20.76105832785354,4.772937028889909
24,3,1,fol_01_00598,0.6594754408258876,0.0,0.0,20.734570496747267,4.771823549571199
24,4,1,fol_01_00598,0.6600459819458742,0.0,0.0,20.734911489894515,4.77034005206996
24,5,1,fol_01_00598,0.6623622108037204,0.0,0.0,20.672592234981323,4.773045158896559
24,6,1,fol_01_00598,0.6596722611773175,0.0,0.0,20.73088760310022,4.7714138499557235
24,7,1,fol_01_00598,0.7580255981138118,0.0,0.0,20.757707610152316,4.771187445536867
24,8,1,fol_01_00598,0.6816273205914372,0.0,0.0,20.757372576073777,4.772946524570519
24,9,1,fol_01_00598,0.6586949336366179,0.0,0.0,20.740264171990304,4.772466510428949
24,10,1,fol_01_00598,0.6584840631484128,0.0,0.0,20.75706829832024,4.770457314971566
24,11,1,fol_01_00598,0.6666115073770301,0.0,0.0,20.766656738822945,4.77139539441462
24,12,1,fol_01_00598,0.6620380937856011,0.0,0.0,20.74583326159609,4.772373436820159
24,13,1,fol_01_00598,0.6585158799545675,0.0,0.0,20.75711611207673,4.771387642045153
24,14,1,fol_01_00598,0.8134745215119765,0.0,0.0,20.74881707106696,4.771386023368059
24,15,1,fol_01_00598,0.6577211614056145,0.0,0.0,20.762019959271804,4.7724681584527575
25,0,46,fol_46_00326,0.7699488102195491,0.0,0.0,16.317971687657057,10.281193150687272
25,1,46,fol_46_00326,0.6883696311406946,0.0,0.0,16.31666714887598,11.617481534150569
25,2,46,fol_46_00326,0.6883922953257076,0.0,0.0,16.316202298120913,11.61936620065327
25,3,46,fol_46_00326,0.729658275951641,0.0,0.0,16.316569230620424,11.615425099440968
25,4,46,fol_46_00326,0.6882572220479581,0.0,0.0,16.318220030770128,11.634618746458134
25,5,46,fol_46_00326,0.7887597413966368,0.0,0.0,16.317853595870183,10.891004840711513
25,6,46,fol_46_00326,0.9925846969291932,0.0,0.0,16.317905748827783,4.498742415062775
25,7,46,fol_46_00326,0.774152681748401,0.0,0.0,16.31816936478755,10.592035140669147
25,8,46,fol_46_00326,0.6948312636755152,0.0,0.0,16.31678064853009,11.621101095993424
25,9,46,fol_46_00326,0.6882475603554732,0.0,0.0,16.31847101472075,11.63185215497122
25,10,46,fol_46_00326,0.6883668309237615,0.0,0.0,16.316576808314053,11.617461855195419
25,11,46,fol_46_00326,0.6882819598695746,0.0,0.0,16.31782543640857,11.625418554756754
25,12,46,fol_46_00326,0.6882523192000323,0.0,0.0,16.31837255310608,11.633981505452523
25,13,46,fol_46_00326,2.782337309807092,0.0,0.0,6.171718927704498,1.6011469862645027
25,14,46,fol_46_00326,1.2935391421867215,0.0,0.0,12.15930760830049,4.555344566001455
25,15,46,fol_46_00326,0.7252777664788284,0.0,0.0,16.317996805355996,11.639541873733142
26,0,13,fol_13_01289,0.5330722174439134,0.0,0.0,22.918190057957204,6.961545908475308
26,1,13,fol_13_01289,2.387076063252011,0.0,0.0,6.209601335024207,1.9853502360685749
26,2,13,fol_13_01289,1.2630946282507014,0.0,0.0,13.581560423008444,4.287126765442626
26,3,13,fol_13_01289,3.2331663406467017,0.0,0.0,4.333041916007506,1.612767771758678
26,4,13,fol_13_01289,3.137896709893182,0.0,0.0,4.424173178931515,1.6549434660727005
26,5,13,fol_13_01289,3.2321326788639753,0.0,0.0,4.333395361291242,1.6109393280985485
26,6,13,fol_13_01289,2.667319634970625,0.0,0.0,5.524170767165163,1.8078206719169474
26,7,13,fol_13_01289,3.2198476803135523,0.0,0.0,4.710219186493919,1.6102293613808658
26,8,13,fol_13_01289,0.6481060314947971,0.0,0.0,20.373460050362798,6.961916987303539
26,9,13,fol_13_01289,3.252406582176765,0.0,0.0,4.338582191436135,1.6153507889558072
26,10,13,fol_13_01289,2.8205696825328577,0.0,0.0,4.801850273706794,1.7517599977627192
26,11,13,fol_13_01289,2.515237123769833,0.0,0.0,5.983552719399999,1.8811513167080833
26,12,13,fol_13_01289,2.3747319450418427,0.0,0.0,7.07606851427558,1.9246214054577997
26,13,13,fol_13_01289,3.2224769877827923,0.0,0.0,4.733311988233613,1.614647543575994
26,14,13,fol_13_01289,3.2336634389373087,0.0,0.0,4.358446196582765,1.6277027057950844
26,15,13,fol_13_01289,3.236703028084021,0.0,0.0,4.550449534294362,1.6135405598703245
27,0,48,fol_48_00446,0.5160015341428181,0.0,0.0,20.666914016303117,16.402544287892443
27,1,48,fol_48_00446,1.560146144435092,0.0,0.0,11.063111002441332,2.9989489451009215
27,2,48,fol_48_00446,0.6430364465730005,0.0,0.0,20.668448085776895,9.089600747553137
27,3,48,fol_48_00446,0.525481824026175,0.0,0.0,20.66611303039152,16.3901925122363
27,4,48,fol_48_00446,2.2143265176820597,0.0,0.0,8.405533570648402,1.9605768810053514
27,5,48,fol_48_00446,3.18508149991135,0.0,0.0,4.684819089971157,1.6286147625922816
27,6,48,fol_48_00446,2.991298685574295,0.0,0.0,4.453888900825021,1.6970518678988091
27,7,48,fol_48_00446,1.0001525069794939,0.0,0.0,14.981467265884845,6.555896386707817
27,8,48,fol_48_00446,0.5348515943015055,0.0,0.0,20.666148173845173,15.86289415894048
27,9,48,fol_48_00446,0.5160460536645719,0.0,0.0,20.666134426255333,16.414291624793506
27,10,48,fol_48_00446,0.5973301859376898,0.0,0.0,20.66798586846678,13.396813160802772
27,11,48,fol_48_00446,0.5159950217618758,0.0,0.0,20.666910414915428,16.40250727208603
27,12,48,fol_48_00446,1.1167797075222423,0.0,0.0,15.413588988098468,4.33563861137532
27,13,48,fol_48_00446,0.6267975235960472,0.0,0.0,20.666114951644772,11.068752612727351
27,14,48,fol_48_00446,0.5160694363256485,0.0,0.0,20.665655351340554,16.399798026273086
27,15,48,fol_48_00446,0.668741422627497,0.0,0.0,20.66691053485173,8.429749297575448
28,0,13,fol_13_00559,0.7488080462792185,0.0,0.0,15.534867618821082,6.98537600099974
28,1,13,fol_13_00559,0.7476967707194373,0.0,0.0,15.523485805384944,6.984741400342145
28,2,13,fol_13_00559,0.7468810582848816,0.0,0.0,15.532139610173637,6.988745749595923
28,3,13,fol_13_00559,0.7495126204959359,0.0,0.0,15.542347831757063,6.992078553882275
28,4,13,fol_13_00559,0.7468955026659253,0.0,0.0,15.532636627000215,6.987119855358432
28,5,13,fol_13_00559,0.7476190830426293,0.0,0.0,15.533767281206934,6.986823342036692
28,6,13,fol_13_00559,0.7468753176594114,0.0,0.0,15.532239998041689,6.990513013718542
28,7,13,fol_13_00559,0.7472198299556243,0.0,0.0,15.527364713863953,6.986821031586799
28,8,13,fol_13_00559,0.7469579743460146,0.0,0.0,15.531674593287299,6.985140712949581
28,9,13,fol_13_00559,0.7464830830547857,0.0,0.0,15.5366805168224,6.992396157901882
28,10,13,fol_13_00559,0.7468234906229814,0.0,0.0,15.532657839649644,6.989065831200073
28,11,13,fol_13_00559,0.7475038992481643,0.0,0.0,15.524992576035416,6.981230661801342
28,12,13,fol_13_00559,0.7464484173877219,0.0,0.0,15.536665225965635,6.9868060496653985
28,13,13,fol_13_00559,0.7468946091413031,0.0,0.0,15.532621609646334,6.988776332116899
28,14,13,fol_13_00559,0.7465469192183535,0.0,0.0,15.535365341366386,6.98673495129709
28,15,13,fol_13_00559,0.748440720167701,0.0,0.0,15.53926282650717,6.994086163122992
29,0,42,fol_42_00791,0.5474543134333494,0.0,0.0,29.774373274230527,7.676811955189511
29,1,42,fol_42_00791,0.5466286814061103,0.0,0.0,29.794607839291082,7.6808786946048935
29,2,42,fol_42_00791,0.5926486296115252,0.0,0.0,29.792915326781184,7.6775581029593525
29,3,42,fol_42_00791,2.3678601081264907,0.0,0.0,10.107131358184576,1.7592712351399071
29,4,42,fol_42_00791,0.8163987308675285,0.0,0.0,20.764001793749316,5.245614272425605
29,5,42,fol_42_00791,0.559573009169873,0.0,0.0,29.781438878925307,7.67675906354918
29,6,42,fol_42_00791,0.5415909425060536,0.0,0.0,29.776189592024366,7.67680988924125
29,7,42,fol_42_00791,0.5416733107893794,0.0,0.0,29.77808098601691,7.679317235457858
29,8,42,fol_42_00791,0.5413328739228477,0.0,0.0,29.790578287727364,7.679685048883897
29,9,42,fol_42_00791,0.5742299928133345,0.0,0.0,29.79764240137066,7.683010513489245
29,10,42,fol_42_00791,0.602960173038408,0.0,0.0,29.34814173667735,7.678829415145238
29,11,42,fol_42_00791,0.6102946173710388,0.0,0.0,29.7887209655509,7.680967110275748
29,12,42,fol_42_00791,0.8688864980139126,0.0,0.0,21.51949006895788,4.611351604853782
29,13,42,fol_42_00791,0.5577519939123398,0.0,0.0,29.78580743901773,7.675924476033863
29,14,42,fol_42_00791,0.5701837307261899,0.0,0.0,29.787382427800395,7.678430098258735
29,15,42,fol_42_00791,0.7912303236005943,0.0,0.0,22.653745240326316,5.309240600884202
30,0,1,fol_01_00631,1.1779869028274526,0.0,0.0,12.629333877333828,5.587528430254736
30,1,1,fol_01_00631,0.5329407579383726,0.0,0.0,20.04071164179792,14.432050643113056
30,2,1,fol_01_00631,1.369789358073689,0.0,0.0,11.253900623727965,4.234881169831655
30,3,1,fol_01_00631,0.592834124454451,0.0,0.0,20.040416748572987,14.421460703769974
30,4,1,fol_01_00631,1.4342449721982824,0.0,0.0,10.417908615215119,4.257519226855506
30,5,1,fol_01_00631,0.533072042416591,0.0,0.0,20.038384340577338,14.409881494305314
30,6,1,fol_01_00631,0.5333354367961929,0.0,0.0,20.039205115720428,14.420222205105505
30,7,1,fol_01_00631,1.1266335256144995,0.0,0.0,13.821887535386203,5.66902519357101
30,8,1,fol_01_00631,0.8194325391980914,0.0,0.0,16.522765028017623,9.538763312573744
30,9,1,fol_01_00631,2.2402919527415284,0.0,0.0,6.318173449858257,2.123581982897161
30,10,1,fol_01_00631,2.318961621953023,0.0,0.0,7.39843386120382,2.017925439708214
30,11,1,fol_01_00631,0.5329843318231698,0.0,0.0,20.040280353012584,14.417406774354783
30,12,1,fol_01_00631,0.662061786464661,0.0,0.0,19.825845698521924,9.709423965083827
30,13,1,fol_01_00631,0.9594709604438413,0.0,0.0,15.022393699905528,7.081357774182364
30,14,1,fol_01_00631,1.2608266419922578,0.0,0.0,11.425492185463547,5.447242546152385
30,15,1,fol_01_00631,1.0068345307090416,0.0,0.0,14.100011210521465,7.260248957049931
31,0,42,fol_42_01698,2.741060545041108,0.0,0.0,4.719345748255987,1.7725685984895478
31,1,42,fol_42_01698,3.1210504464492637,0.0,0.0,4.2153544479953355,1.6021869890158167
31,2,42,fol_42_01698,2.986283270555316,0.0,0.0,4.192388169624306,1.614535776362846
31,3,42,fol_42_01698,1.9573276094173313,0.0,0.0,10.342002047734848,2.149462316316077
31,4,42,fol_42_01698,0.9671301485103797,0.0,0.0,11.10145870000548,5.721880543950591
31,5,42,fol_42_01698,1.1882408646702678,0.0,0.0,11.099702308154363,5.718771142474452
31,6,42,fol_42_01698,3.160091759798563,0.0,0.0,4.308908061560385,1.6108666084429775
31,7,42,fol_42_01698,2.809748535016481,0.0,0.0,4.404039500763997,1.7435766617119028
31,8,42,fol_42_01698,2.34056650477066,0.0,0.0,7.880936982558365,1.912792168380072
31,9,42,fol_42_01698,2.7954911748610725,0.0,0.0,4.4479685986313315,1.7477021678719677
31,10,42,fol_42_01698,2.788049253067943,0.0,0.0,4.707795962729205,1.7523503710990351
31,11,42,fol_42_01698,2.5386575313254482,0.0,0.0,5.037380798617787,1.868352807117382
31,12,42,fol_42_01698,2.662532609708674,0.0,0.0,4.872539440493964,1.8100087123487358
31,13,42,fol_42_01698,0.967032951771734,0.0,0.0,11.102204630538537,5.720026588396656
31,14,42,fol_42_01698,2.875783159544836,0.0,0.0,4.259836353325608,1.6992183662971705
31,15,42,fol_42_01698,2.3530473480614242,0.0,0.0,5.698868478055172,1.9842830740328865
