epoch,checkpoint_score,train_objective,train_risk_before,train_risk_after,train_risk_delta,train_naturalness_penalty,train_physics_penalty,train_diversity_reward,train_latent_diversity_reward,train_risk_coverage_reward,train_template_diversity_reward,val_objective,val_risk_before,val_risk_after,val_risk_delta,val_naturalness_penalty,val_physics_penalty,val_diversity_reward,val_latent_diversity_reward,val_risk_coverage_reward,val_template_diversity_reward,val_risk_type_entropy,val_brake_start_mean,val_brake_start_std,val_brake_start_p05,val_brake_start_p95,val_brake_duration_mean,val_brake_duration_std,val_brake_duration_p05,val_brake_duration_p95,val_brake_intensity_mean,val_brake_intensity_std,val_brake_intensity_p05,val_brake_intensity_p95,val_delta_action_mean,val_delta_action_std,val_delta_action_p05,val_delta_action_p95
1,8.453534005765674,3.7471961484849454,5.153462947845459,9.826887599945069,4.6734246086664495,25.875988602876664,1.8162964518517255,21.838674226999284,21.69686485862732,1.22038920879364,0.1977047622874379,-4.136547565460205,5.222235202789307,13.670056104660034,8.447821617126465,72.09890937805176,13.175598859786987,41.96175193786621,41.808600425720215,1.0193204283714294,0.5121968016028404,0.06497176307298652,0.21188682441237372,0.24638004855594411,0.0020451369462534787,0.7409500539302826,0.4937996153585118,0.025833665168431996,0.44562323689460753,0.5295816481113433,13.64350543206092,1.2695383026514462,11.39825897216797,15.607888650894164,-5.955877939218369,6.051977242753698,-14.753733110427856,0.604272779822349
2,53984.6318359375,9294.083040771484,5.154824237823487,14957.989453125,14952.834489501953,2111.232395629883,5553.960593582154,7.707558193206787,7.612078372955322,0.4547920408342034,0.5000055513381958,33163.92578125,5.225799560546875,53989.859375,53984.6318359375,6990.825927734375,20471.673828125,5.109349012374878,5.066576838493347,0.0,0.4277208149433136,-0.0,6.439081570006532e-11,6.719271047996968e-11,1.1695389535298916e-11,1.9245807447720852e-10,0.599997896271816,3.7209422685277003e-07,0.5999971628189087,0.5999983549118042,119.87087116995826,1.2927489695004581,117.50075492858886,121.71809005737305,-66.8773568223119,50.182120538314486,-120.06647529602051,0.243556360155344
3,481283.328125,132649.68478125,5.158345901489258,214310.0341875,214304.87546875,24284.1525,80441.566140625,5.843391754150391,5.794341625213623,0.0,0.49050149202346804,296402.4765625,5.209428429603577,481288.53125,481283.328125,53478.4921875,182207.59765625,6.750811576843262,6.69541335105896,0.0,0.5539832264184952,-0.0,2.2787903251164304e-20,1.6319524411809745e-20,7.312445686162327e-21,5.402419315769667e-20,0.6000000238418579,0.0,0.6000000238418579,0.6000000238418579,331.40731437318027,1.6722259700534736,328.3663101196289,333.80028228759767,-185.38244854032652,138.24558499894403,-330.478092956543,0.031221575662493704
4,2119074.6875,706667.43625,5.15873957824707,1144991.94125,1144986.785,122693.9438125,432185.435,7.796984878540039,7.731973667144775,0.0,0.6501119751930237,1304774.40625,5.220020890235901,2119079.75,2119074.6875,225717.52734375,803015.328125,9.076459884643555,9.001394510269165,0.0,0.750657245516777,-0.0,5.512285987477209e-31,3.2821485937186037e-31,2.1658486117537655e-31,1.1837359297949985e-30,0.6000000238418579,0.0,0.6000000238418579,0.6000000238418579,680.7680532261729,2.261210791387311,676.6581939697265,683.9845123291016,-381.09786844735805,283.6934024783448,-678.1959228515625,-0.1570547714829445
5,6766782.5,2514011.903,5.156011844635009,4078638.356,4078633.19,427987.56825,1543222.955,10.377397666931152,10.290560127258301,0.0,0.8683751168251037,4165628.25,5.2060922384262085,6766787.625,6766782.5,708486.78125,2565731.125,12.044286966323853,11.943819046020508,0.0,1.00467748939991,-0.0,0.0,0.0,0.0,0.0,0.6000000238418579,0.0,0.6000000238418579,0.6000000238418579,1206.0316870957613,3.0271864266714212,1200.4065307617188,1210.26962890625,-675.3558764090476,502.37559755581253,-1201.0600708007812,-0.45245986282825473
6,17813397.0,7109728.448,5.152121719360352,11542036.224,11542031.116,1199409.412,4372333.666,13.852997634887695,13.737138717651368,0.0,1.1585890402793884,10964471.75,5.2102370262146,17813402.5,17813397.0,1849429.46875,6756455.625,16.255619049072266,16.123433113098145,0.0,1.3218594789505005,-0.0,0.0,0.0,0.0,0.0,0.6000000238418579,0.0,0.6000000238418579,0.6000000238418579,1948.4978320598602,3.9792926598593357,1941.226953125,1954.101806640625,-1091.292928895222,811.485828255084,-1940.1517395019532,-0.8699579179286957
7,41126221.0,17282623.984,5.1548876953125,28066839.52,28066834.528,2901573.449,10639133.852,18.775167449951173,18.6202642288208,0.0,1.549032241821289,25311894.5,5.215579986572266,41126228.0,41126221.0,4250048.875,15601828.0,21.693779945373535,21.521687507629395,0.0,1.720927506685257,-0.0,0.0,0.0,0.0,0.0,0.6000000238418579,0.0,0.6000000238418579,0.6000000238418579,2953.7345243543386,5.1775899348864876,2944.2276977539063,2961.1948364257814,-1654.4366856584438,1229.9952947406348,-2940.818359375,-1.4352110564708709
8,86252632.0,37694995.584,5.156670623779297,61229102.176,61229096.896,6310913.3,23218558.808,25.268534576416016,25.066119018554687,0.0,2.0241552209854126,53083077.0,5.225586175918579,86252636.0,86252632.0,8888779.0,32725119.0,29.564866542816162,29.341712951660156,0.0,2.231539011001587,-0.0,0.0,0.0,0.0,0.0,0.6000000238418579,0.0,0.6000000238418579,0.6000000238418579,4271.61007130146,6.704487524977026,4259.63583984375,4281.3824462890625,-2392.7239363865374,1778.6656780945102,-4252.688500976563,-2.1762194514274595
9,168025904.0,75744360.32,5.156188102722168,123049832.576,123049828.032,12659187.248,46672509.776,33.92766157531738,33.668232666015626,0.0,2.5942904233932493,103405890.0,5.219705581665039,168025904.0,168025904.0,17285587.0,63755734.0,39.080870628356934,38.795533180236816,0.0,2.853383183479309,-0.0,0.0,0.0,0.0,0.0,0.6000000238418579,0.0,0.6000000238418579,0.6000000238418579,5956.760178893805,8.570401727775613,5941.48984375,5969.551196289062,-3336.7621129347126,2480.24326459004,-5930.14306640625,-3.1237783312797545
10,308775240.0,142723694.208,5.154223609924316,231880444.416,231880443.264,23826603.216,87965421.824,45.43031088256836,45.10194201660156,0.0,3.2836904220581054,190021008.0,5.224021315574646,308775240.0,308775240.0,31728163.0,117167818.0,52.56308555603027,52.202131271362305,0.0,3.6095364093780518,-0.0,0.0,0.0,0.0,0.0,0.6000000238418579,0.0,0.6000000238418579,0.6000000238418579,8070.28453296423,10.835980684535643,8051.278955078125,8087.0352783203125,-4520.779844574202,3360.1656134417703,-8033.977587890625,-4.312024044990539
11,541022544.0,255309447.04,5.158263366699218,414820651.52,414820651.52,42589372.848,157381736.32,61.13316540527344,60.71593133544922,0.0,4.172339488983154,332941288.0,5.2170339822769165,541022544.0,541022544.0,55548217.0,205303848.0,70.62448310852051,70.16379356384277,0.0,4.606901168823242,-0.0,0.0,0.0,0.0,0.0,0.6000000238418579,0.0,0.6000000238418579,0.6000000238418579,10678.255046486855,13.825830769672834,10654.219775390626,10699.882763671874,-5981.79132993516,4445.940827221704,-10630.11328125,-5.778391289710998
12,910784304.0,437461169.92,5.155914398193359,710805549.056,710805549.056,72935889.856,269697587.968,83.25025109863282,82.71292529296875,0.0,5.373258026123047,560483600.0,5.228473663330078,910784304.0,910784304.0,93459462.0,345627720.0,97.35818481445312,96.74388694763184,0.0,6.142990946769714,-0.0,0.0,0.0,0.0,0.0,0.6000000238418579,0.0,0.6000000238418579,0.6000000238418579,13850.836667180061,18.432441783984462,13818.881787109374,13879.6771484375,-7759.10363560881,5766.781801899497,-13788.418017578126,-7.562479496002197
13,1482223840.0,722789777.408,5.153009342193603,1174454657.024,1174454657.024,120461163.648,445641821.184,114.73376330566406,114.02374395751953,0.0,7.100193477630615,912131712.0,5.218802452087402,1482223840.0,1482223840.0,152034636.0,562490400.0,134.4643440246582,133.64009475708008,0.0,8.242482900619507,-0.0,0.0,0.0,0.0,0.0,0.6000000238418579,0.0,0.6000000238418579,0.6000000238418579,17665.868272542953,24.732737170996074,17622.75205078125,17704.717578125,-9896.322913808006,7355.095195066341,-17586.322265625,-9.707457399368286
14,2342432896.0,1157423921.152,5.157248561859131,1880728768.512,1880728768.512,192843320.064,713662682.624,159.39814526367186,158.4350637207031,0.0,9.630816955566406,1441478560.0,5.223658084869385,2342432896.0,2342432896.0,240194548.0,888944608.0,185.81622695922852,184.69855117797852,0.0,11.176774501800537,-0.0,0.0,0.0,0.0,0.0,0.6000000238418579,0.0,0.6000000238418579,0.6000000238418579,22204.69360780716,33.53852461907848,22145.4361328125,22256.47568359375,-12439.01883574089,9244.748334105832,-22105.1466796875,-12.259838008880616
15,3609162816.0,1804116848.64,5.150867519378662,2931605362.688,2931605362.688,300527831.68,1112462127.104,219.55958203125,218.24801196289062,0.0,13.11570086669922,2220984128.0,5.216796159744263,3609162816.0,3609162816.0,370000280.0,1369678720.0,254.96233749389648,253.43688583374023,0.0,15.254486083984375,-0.0,0.0,0.0,0.0,0.0,0.6000000238418579,0.0,0.6000000238418579,0.6000000238418579,27559.020996809006,45.765394661709415,27478.3640625,27629.026953125,-15438.567236279794,11473.92387767832,-27437.06650390625,-15.271173334121704
16,5436559360.0,2745796157.44,5.155727359771729,4461845766.144,4461845766.144,457317696.256,1693183708.16,300.2241075439453,298.44079418945313,0.0,17.83313047027588,3345503872.0,5.223128437995911,5436559360.0,5436559360.0,557240352.0,2063193472.0,348.9133987426758,346.83929443359375,0.0,20.741036415100098,-0.0,0.0,0.0,0.0,0.0,0.6000000238418579,0.0,0.6000000238418579,0.6000000238418579,33820.782143592834,62.232092957047556,33710.0099609375,33913.3140625,-18946.46916423037,14080.897933250586,-33673.195703125,-18.79291114807129
17,8027748736.0,4091617736.704,5.154063175201416,6648834723.84,6648834723.84,681381661.696,2523147896.832,401.5980544433594,399.2159897460937,0.0,23.820650329589842,4940033664.0,5.220600962638855,8027748736.0,8027748736.0,822719920.0,3046578944.0,453.28235626220703,450.57315826416016,0.0,27.092047214508057,-0.0,0.0,0.0,0.0,0.0,0.6000000238418579,0.0,0.6000000238418579,0.6000000238418579,41094.91163277626,81.28454400962491,40946.7041015625,41212.9099609375,-23021.51003296598,17109.354548548272,-40917.97265625,-22.884629344940187
18,11652538112.0,5985100197.888,5.1562955360412595,9725797072.896,9725797072.896,996607331.328,3690866495.488,518.9106528320312,515.8281965332031,0.0,30.82455406188965,7170603392.0,5.223045110702515,11652538112.0,11652538112.0,1194074560.0,4422230912.0,580.9133453369141,577.4745941162109,0.0,34.387420654296875,-0.0,0.0,0.0,0.0,0.0,0.6000000238418579,0.0,0.6000000238418579,0.6000000238418579,49508.24215865135,103.20594630077788,49316.138671875,49651.7578125,-27734.74299784003,20612.098189529475,-49298.60546875,-27.618218898773193
19,16679138560.0,8623368318.976,5.152098640441895,14013072121.856,14013072121.856,1435805362.176,5317913489.408,613.86394921875,610.1871225585937,0.0,36.76824365234375,10263795968.0,5.216721296310425,16679138560.0,16679138560.0,1709017504.0,6329891584.0,626.6143798828125,622.8245086669922,0.0,37.89874267578125,-0.0,0.0,0.0,0.0,0.0,0.6000000238418579,0.0,0.6000000238418579,0.6000000238418579,59229.0896024704,113.7113981049714,59011.901171875,59377.069140625,-33180.46008662342,24659.16881538235,-58977.65234375,-33.08843441009522
20,23536041472.0,12250758643.712,5.155936351776123,19907720716.288,19907720716.288,2039643991.04,7554979979.264,641.4865502929688,637.6024033203125,0.0,38.84145831298828,14483288320.0,5.220452785491943,23536041472.0,23536041472.0,2411435328.0,8932181248.0,634.0664520263672,630.2033233642578,0.0,38.6312255859375,-0.0,0.0,0.0,0.0,0.0,0.6000000238418579,0.0,0.6000000238418579,0.6000000238418579,70355.76964378357,115.9018229396167,70128.81328125,70501.545703125,-39413.73875124923,29291.510001458657,-70051.15625,-39.34605770111084
21,32751904768.0,17161523486.72,5.1545553932189945,27887919251.456,27887919251.456,2857097816.064,10583540932.608,624.83866015625,621.022869140625,0.0,38.157891479492186,20154397696.0,5.2145267724990845,32751904768.0,32751904768.0,3355474816.0,12429734144.0,610.6410369873047,606.8937683105469,0.0,37.472734451293945,-0.0,0.0,0.0,0.0,0.0,0.6000000238418579,0.0,0.6000000238418579,0.6000000238418579,82992.53083896637,112.4588965859588,82766.473828125,83131.03125,-46492.980311720705,34552.53516880248,-82627.9609375,-46.4518009185791
22,44961074176.0,23710928175.104,5.1557816276550295,38530994225.152,38530994225.152,3947296952.32,14622701223.936,577.0396098632813,573.490138671875,0.0,35.49470129394531,27667472896.0,5.221773386001587,44961074176.0,44961074176.0,4606104448.0,17063296000.0,543.5296173095703,540.1670532226562,0.0,33.62571907043457,-0.0,0.0,0.0,0.0,0.0,0.6000000238418579,0.0,0.6000000238418579,0.6000000238418579,97236.43029117584,100.89174178614012,97033.120703125,97358.87265625,-54472.55691600929,40482.65287929868,-96803.992578125,-54.46025409698486
23,60912956416.0,32323563765.76,5.156935848236084,52526932131.84,52526932131.84,5380910751.744,19934322941.952,508.8639284667969,505.7153757324219,0.0,31.48554151916504,37483676672.0,5.213210463523865,60912956416.0,60912956416.0,6240080640.0,23117276672.0,461.8152618408203,458.90856170654297,0.0,29.067041873931885,-0.0,0.0,0.0,0.0,0.0,0.6000000238418579,0.0,0.6000000238418579,0.6000000238418579,113176.7612195015,87.20749454390376,112999.866796875,113280.05546875,-63402.49173421513,47119.04983325024,-112672.539453125,-63.42106952667236
24,81520838656.0,43509900541.952,5.15433390045166,70705278418.944,70705278418.944,7242900865.024,26833233002.496,427.61708959960936,424.95150732421877,0.0,26.655811584472655,50165001216.0,5.217369318008423,81520838656.0,81520838656.0,8350940416.0,30938290176.0,381.09130859375,378.69313049316406,0.0,23.98176860809326,-0.0,0.0,0.0,0.0,0.0,0.6000000238418579,0.0,0.6000000238418579,0.6000000238418579,130927.19683551788,71.95199233952253,130778.672265625,131009.764453125,-73346.46550707387,54509.0512731153,-130342.7734375,-73.39991760253906
25,107870160896.0,57883597733.888,5.156399555206299,94063263940.608,94063263940.608,9635403599.872,35697896243.2,340.30404370117185,338.1566750488281,0.0,21.47366993713379,66379389952.0,5.20801043510437,107870160896.0,107870160896.0,11049858048.0,40938275840.0,300.55149841308594,298.6414794921875,0.0,19.100162506103516,-0.0,0.0,0.0,0.0,0.0,0.6000000238418579,0.0,0.6000000238418579,0.6000000238418579,150605.39267539978,57.33095542586379,150485.65625,150668.56015625,-84370.39087576812,62701.64160300377,-149929.484375,-84.46233367919922
26,141264490496.0,76176439476.224,5.155044208526611,123790080212.992,123790080212.992,12680215158.784,46979630137.344,260.48620056152345,258.8235098876953,0.0,16.62689998626709,86929018880.0,5.222160816192627,141264490496.0,141264490496.0,14470339072.0,53611953152.0,225.6654930114746,224.2252197265625,0.0,14.402719497680664,-0.0,0.0,0.0,0.0,0.0,0.6000000238418579,0.0,0.6000000238418579,0.6000000238418579,172346.11762714386,43.212488617147365,172255.8890625,172393.125,-96549.76505836491,71752.92515204272,-171580.0,-96.68409729003906
27,183239471104.0,99259199979.52,5.1566242980957036,161300794310.656,161300794310.656,16522268008.448,61215480676.352,191.9226572265625,190.6801999511719,0.0,12.424570808410644,112758845440.0,5.220765829086304,183239471104.0,183239471104.0,18769670656.0,69542137856.0,159.40714645385742,158.35800552368164,0.0,10.49140191078186,-0.0,0.0,0.0,0.0,0.0,0.6000000238418579,0.0,0.6000000238418579,0.6000000238418579,196286.5098104477,31.485419245200813,196219.375,196319.60703125,-109961.41513301864,81719.99673477955,-195419.953125,-110.14282989501953
28,235603935232.0,128159733514.24,5.154235168457031,208265722331.136,208265722331.136,21332633944.064,79039357124.608,137.60736151123047,136.69822924804689,0.0,9.091325565338135,144981966848.0,5.2109458446502686,235603935232.0,235603935232.0,24133106688.0,89415313408.0,117.20763397216797,116.43509292602539,0.0,7.725417256355286,-0.0,0.0,0.0,0.0,0.0,0.6000000238418579,0.0,0.6000000238418579,0.6000000238418579,222571.0766773224,23.181577519734265,222522.26796875,222595.203125,-124686.29524561978,92663.0174504842,-221587.609375,-124.91999015808105
29,300485681152.0,164086395961.344,5.154174861907959,266648518524.928,266648518524.928,27312429596.672,101196500697.088,96.81945501708984,96.16272491455078,0.0,6.567302444458008,184907743232.0,5.211318850517273,300485681152.0,300485681152.0,30778580480.0,114039011328.0,80.97717094421387,80.42428588867188,0.0,5.528841495513916,-0.0,0.0,0.0,0.0,0.0,0.6000000238418579,0.0,0.6000000238418579,0.6000000238418579,251354.340177536,16.59490949703466,251319.09375,251371.5625,-140810.9709045755,104646.31829897144,-250240.765625,-141.10227966308594
30,380357746688.0,208451071508.48,5.151753524780274,338743572824.064,338743572824.064,34696644411.392,128557669285.888,67.45302029418946,66.97322622680664,0.0,4.797941762924195,234057998336.0,5.225617170333862,380357746688.0,380357746688.0,38959374336.0,144351780864.0,55.237361907958984,54.84511661529541,0.0,3.9224520921707153,-0.0,0.0,0.0,0.0,0.0,0.6000000238418579,0.0,0.6000000238418579,0.6000000238418579,282792.61618995667,11.787592323618025,282767.65625,282805.0,-158423.01099489725,117734.97749852846,-281537.4390625,-158.77766342163085
31,478091886592.0,262895117139.968,5.152670120239258,427218212225.024,427218212225.024,43758467284.992,162135169826.816,47.042849670410156,46.683006652832034,0.0,3.5984296417236328,294199877632.0,5.221986889839172,478091886592.0,478091886592.0,48969618432.0,181443526656.0,38.7758903503418,38.48037242889404,0.0,2.9551729559898376,-0.0,0.0,0.0,0.0,0.0,0.6000000238418579,0.0,0.6000000238418579,0.6000000238418579,317048.2959213257,8.899005100615597,317029.5984375,317057.71875,-177613.3896468713,131996.60343791213,-315639.84375,-178.03761291503906
32,597003288576.0,329319071088.64,5.151167781829834,535160890064.896,535160890064.896,54814210293.76,203101106601.984,33.037380722045896,32.75439387512207,0.0,2.829868562698364,367373443072.0,5.220547318458557,597003288576.0,597003288576.0,61148846080.0,226572398592.0,27.90156078338623,27.67174530029297,0.0,2.298155665397644,-0.0,0.0,0.0,0.0,0.0,0.6000000238418579,0.0,0.6000000238418579,0.6000000238418579,354287.7912540436,6.941924977587272,354273.34375,354295.1875,-198475.33162198216,147500.47789682023,-352713.09375,-198.9753875732422
33,740904009728.0,409911386963.968,5.156058235168457,666128008871.936,666128008871.936,68228124082.176,252805217648.64,24.000891342163087,23.76347621154785,0.0,2.3741518077850343,455924457472.0,5.2037739753723145,740904009728.0,740904009728.0,75887486976.0,281185165312.0,21.42828130722046,21.231117248535156,0.0,1.9716362357139587,-0.0,0.0,0.0,0.0,0.0,0.6000000238418579,0.0,0.6000000238418579,0.6000000238418579,394681.8277950287,5.977805783339552,394669.375,394688.34375,-221104.47958436795,164317.6786066111,-392926.9375,-221.6868896484375
34,914160975872.0,507183692513.28,5.1541147155761715,824201077325.824,824201077325.824,84418224324.608,312796471885.824,18.425249794006348,18.2153677444458,0.0,2.0988199892044066,562540232704.0,5.209725737571716,914160975872.0,914160975872.0,93632792576.0,346939097088.0,16.542902946472168,16.37199831008911,0.0,1.7090468406677246,-0.0,0.0,0.0,0.0,0.0,0.6000000238418579,0.0,0.6000000238418579,0.6000000238418579,438405.5233440399,5.175280359486688,438394.7546875,438411.28125,-245598.93659587737,182521.11244896633,-436455.875,-246.27061462402344
35,1121755496448.0,624008071479.296,5.158807327270508,1014047452430.336,1014047452430.336,103862547644.416,384846256144.384,14.980065284729005,14.782689826965331,0.0,1.9737549753189088,690286002176.0,5.202610611915588,1121755496448.0,1121755496448.0,114894960640.0,425724739584.0,13.546957731246948,13.391721487045288,0.0,1.5523626506328583,-0.0,0.0,0.0,0.0,0.0,0.6000000238418579,0.0,0.6000000238418579,0.6000000238418579,485637.8254299164,4.716912891795659,485628.34375,485643.25,-272058.9505018026,202185.28027076225,-483477.75,-272.8270568847656
36,1369359941632.0,763656731099.136,5.155296379089355,1240984663883.776,1240984663883.776,127105706164.224,470972642361.344,12.606193031311035,12.408728912353515,0.0,1.9746407566070556,842652352512.0,5.216998338699341,1369359941632.0,1369359941632.0,140254928896.0,519694843904.0,11.569396495819092,11.424510478973389,0.0,1.4488600492477417,-0.0,0.0,0.0,0.0,0.0,0.6000000238418579,0.0,0.6000000238418579,0.6000000238418579,536563.4472007751,4.451878752606059,536554.4375,536568.3125,-300587.9992822618,223387.08424438472,-534176.75,-301.4602355957031
37,1663396806656.0,929845763112.96,5.1552794075012205,1511051524833.28,1511051524833.28,154766183890.944,573467452768.256,10.820850387573243,10.639144912719727,0.0,1.8170544986724853,1023591464960.0,5.207228422164917,1663396806656.0,1663396806656.0,170370514944.0,631286841344.0,10.093281745910645,9.94890546798706,0.0,1.4437633454799652,-0.0,0.0,0.0,0.0,0.0,0.6000000238418579,0.0,0.6000000238418579,0.6000000238418579,591369.9043807983,4.375121015386161,591361.25,591374.625,-331291.132741633,246204.59214249338,-588739.3125,-332.275390625
38,2011121582080.0,1126777491554.304,5.231935352325439,1831077077319.68,1831077077319.68,187543401791.488,694922412294.144,9.434263992309571,9.237967643737793,0.0,1.9629630947113037,1237567963136.0,5.2188814878463745,2011121582080.0,2011121582080.0,205984768000.0,763254341632.0,8.783149480819702,8.64004135131836,0.0,1.4310824871063232,-0.0,0.0,0.0,0.0,0.0,0.6000000238418579,0.0,0.6000000238418579,0.6000000238418579,650248.779914856,4.427784143093454,650241.375,650253.3125,-364275.6747807346,270717.56390967785,-647356.1875,-365.3803405761719
39,2420699889664.0,1359190166601.728,5.156002056121826,2208761354649.6,2208761354649.6,226226010718.208,838259888357.376,8.220101490020753,8.035922718048095,0.0,1.8417882256507874,1489606836224.0,5.2075148820877075,2420699889664.0,2420699889664.0,247934033920.0,918696263680.0,7.832302808761597,7.70256781578064,0.0,1.2973505854606628,-0.0,0.0,0.0,0.0,0.0,0.6000000238418579,0.0,0.6000000238418579,0.6000000238418579,713395.0129737854,3.948871571434369,713387.1875,713399.3125,-399650.83199651004,297007.15824413556,-710221.375,-400.88458251953125
40,2901306572800.0,1632411670544.384,5.160001125335693,2652762334560.256,2652762334560.256,271700718125.056,1006765629505.536,7.175324600219726,6.976947788238525,0.0,1.9837681713104247,1785353961472.0,5.213042855262756,2901306572800.0,2901306572800.0,297158017024.0,1101094813696.0,6.976946830749512,6.8475106954574585,0.0,1.2943618297576904,-0.0,0.0,0.0,0.0,0.0,0.6000000238418579,0.0,0.6000000238418579,0.6000000238418579,781008.4065093994,3.999706308722364,781001.134375,781012.9375,-437528.54063719645,325156.5619028884,-777533.6875,-438.90045166015625
41,3463197753344.0,1952412512288.768,5.154249706268311,3172782649114.624,3172782649114.624,324961293041.664,1204122070024.192,6.273726257324219,6.086465717315674,0.0,1.8726054582595826,2131120193536.0,5.225160121917725,3463197753344.0,3463197753344.0,354707103744.0,1314342207488.0,5.906690239906311,5.782233834266663,0.0,1.2445632219314575,-0.0,0.0,0.0,0.0,0.0,0.6000000238418579,0.0,0.6000000238418579,0.6000000238418579,853290.5244178772,3.797071733399458,853283.3125,853294.8125,-478021.7142515351,355249.68950111454,-849494.1875,-479.54144287109375
42,4117833121792.0,2325866007756.8,5.1585156517028805,3779666749947.904,3779666749947.904,387118395817.984,1434444821954.56,5.471978744506836,5.290254493713379,0.0,1.817242495059967,2533957894144.0,5.210237741470337,4117833121792.0,4117833121792.0,421754994688.0,1562787610624.0,5.053668260574341,4.945746183395386,0.0,1.0792206972837448,-0.0,0.0,0.0,0.0,0.0,0.6000000238418579,0.0,0.6000000238418579,0.6000000238418579,930447.9786186218,3.2950060104728234,930441.6875,930451.875,-521246.10026040615,387372.55954756023,-926308.3125,-522.923583984375
43,4877968736256.0,2760214719758.336,5.155583988189697,4485509306908.672,4485509306908.672,459410754240.512,1702324040892.416,4.760717517852783,4.58401605796814,0.0,1.767014678478241,3001716441088.0,5.217170834541321,4877968736256.0,4877968736256.0,499608100864.0,1851272134656.0,4.51108705997467,4.388427138328552,0.0,1.2265981435775757,-0.0,0.0,0.0,0.0,0.0,0.6000000238418579,0.0,0.6000000238418579,0.6000000238418579,1012690.4597434998,3.7601227436184694,1012683.196875,1012694.4375,-567319.1709106821,421612.4737268257,-1008184.9375,-569.1649169921875
44,5757792157696.0,3263740292104.192,5.157670608520508,5303768216240.128,5303768216240.128,543216671916.032,2012867090972.672,4.15874800491333,3.976548397064209,0.0,1.821996109008789,3543125786624.0,5.224620580673218,5757792157696.0,5757792157696.0,589719617536.0,2185180413952.0,3.752993583679199,3.6216662526130676,0.0,1.3132732212543488,-0.0,0.0,0.0,0.0,0.0,0.6000000238418579,0.0,0.6000000238418579,0.6000000238418579,1100233.242073059,3.9947438409375833,1100225.25,1100237.5,-616361.5261370074,458059.05791714625,-1095338.375,-618.3863525390625
45,6773037334528.0,3845639475560.448,5.153981552124024,6249389177700.352,6249389177700.352,640066944761.856,2371746340536.32,3.6744914112091065,3.4789056339263915,0.0,1.9558576984405518,4167868678144.0,5.22144079208374,6773037334528.0,6773037334528.0,693700870144.0,2570483597312.0,3.7834666967391968,3.3979716300964355,0.0,3.854951322078705,-0.0,0.0,0.0,0.0,0.0,0.6000000238418579,0.0,0.6000000238418579,0.6000000238418579,1193295.7450637817,18.538691950143388,1193290.0,1193300.25,-668496.0813768529,496803.6571640077,-1187987.25,-670.7114868164062
46,7941105254400.0,4516090767998.976,5.155289039611817,7338912603176.96,7338912603176.96,751655561199.616,2785239044718.592,3.2441613597869874,3.061204807281494,0.0,1.8295654125213623,4886652911616.0,5.21533477306366,7941105254400.0,7941105254400.0,813334102016.0,3013785485312.0,3.1834681630134583,3.0719293355941772,0.0,1.1153879463672638,-0.0,0.0,0.0,0.0,0.0,0.6000000238418579,0.0,0.6000000238418579,0.6000000238418579,1292101.0172271729,3.370732301835699,1292094.5,1292104.875,-723847.7919446736,537939.1347161429,-1286352.25,-726.264892578125
47,9281187348480.0,5286343647166.464,5.154694499969483,8590619534426.112,8590619534426.112,879854845689.856,3260283137032.192,2.9178950271606445,2.740182264328003,0.0,1.7771276273727417,5711288991744.0,5.214494466781616,9281187348480.0,9281187348480.0,950584786944.0,3522369617920.0,2.9015507102012634,2.7790600061416626,0.0,1.2249069213867188,-0.0,0.0,0.0,0.0,0.0,0.6000000238418579,0.0,0.6000000238418579,0.6000000238418579,1396874.536430359,3.771885315823678,1396867.75,1396878.25,-782542.9788336429,581559.3691660705,-1390659.625,-785.1743774414062
48,10814368514048.0,6168785891360.768,5.153963722229004,10024640533495.809,10024640533495.809,1026726497353.728,3804518342983.68,2.6784647331237794,2.4834012298583983,0.0,1.9506350483894348,6654749442048.0,5.216575741767883,10814368514048.0,10814368514048.0,1107612631040.0,4104238465024.0,2.5153130292892456,2.37482488155365,0.0,1.404880851507187,-0.0,0.0,0.0,0.0,0.0,0.6000000238418579,0.0,0.6000000238418579,0.6000000238418579,1507842.2789154053,4.236357084651705,1507833.89375,1507846.875,-844708.2292776571,627758.436501355,-1501134.0,-847.5667724609375
49,12563996213248.0,7177057385578.496,5.158860042572021,11663142429917.184,11663142429917.184,1194541010911.232,4426358063104.0,2.4909462661743165,2.29404323387146,0.0,1.9690303058624268,7731403030528.0,5.225744843482971,12563996213248.0,12563996213248.0,1286808764416.0,4768252559360.0,2.3274675011634827,2.2233168482780457,0.0,1.0415067374706268,-0.0,0.0,0.0,0.0,0.0,0.6000000238418579,0.0,0.6000000238418579,0.6000000238418579,1625245.5076065063,3.157541797102358,1625239.375,1625249.25,-910478.7075448403,676636.7837216922,-1618014.25,-913.5769653320312
50,14555476656128.0,8326166456827.904,5.159833381652832,13530513755078.656,13530513755078.656,1385796062937.088,5135057475862.528,2.327349952697754,2.1383397426605226,0.0,1.8901021432876588,8956884287488.0,5.20281195640564,14555476656128.0,14555476656128.0,1490775015424.0,5524053295104.0,2.426468849182129,2.3133649826049805,0.0,1.1310382187366486,-0.0,0.0,0.0,0.0,0.0,0.6000000238418579,0.0,0.6000000238418579,0.6000000238418579,1749315.0067367554,3.4502901772854244,1749308.125,1749318.875,-979983.6958416891,728290.4899245152,-1741531.625,-983.3356323242188
